{
  "type": "FeatureCollection",
  "features": [
    {
      "type": "Feature",
      "properties": {
        "id": "BLD-001",
        "building_id": "BLD-001",
        "name": "Apex Tower / LM-01",
        "type": "Apex Tower / LM-01",
        "height": 220.0,
        "min_height": 0.0,
        "district": "DOWNTOWN",
        "landmark": true,
        "local_x_m": -100.0,
        "local_z_m": 500.0,
        "width_m": 65.0,
        "depth_m": 65.0,
        "base_elevation_m": 5.0,
        "planner_color": "#d9e4e5"
      },
      "geometry": {
        "type": "Polygon",
        "coordinates": [
          [
            [
              -0.0011902623068630973,
              0.004199604743083004
            ],
            [
              -0.0006063600431189364,
              0.004199604743083004
            ],
            [
              -0.0006063600431189364,
              0.004783507006827165
            ],
            [
              -0.0011902623068630973,
              0.004783507006827165
            ],
            [
              -0.0011902623068630973,
              0.004199604743083004
            ]
          ]
        ]
      }
    },
    {
      "type": "Feature",
      "properties": {
        "id": "BLD-002",
        "building_id": "BLD-002",
        "name": "Police HQ / LM-02",
        "type": "Police HQ / LM-02",
        "height": 35.0,
        "min_height": 0.0,
        "district": "DOWNTOWN",
        "landmark": true,
        "local_x_m": -490.0,
        "local_z_m": 90.0,
        "width_m": 75.0,
        "depth_m": 65.0,
        "base_elevation_m": 5.0,
        "planner_color": "#d9e4e5"
      },
      "geometry": {
        "type": "Polygon",
        "coordinates": [
          [
            [
              -0.004738591448077614,
              0.0005165289256198347
            ],
            [
              -0.004064858066834352,
              0.0005165289256198347
            ],
            [
              -0.004064858066834352,
              0.0011004311893639956
            ],
            [
              -0.004738591448077614,
              0.0011004311893639956
            ],
            [
              -0.004738591448077614,
              0.0005165289256198347
            ]
          ]
        ]
      }
    },
    {
      "type": "Feature",
      "properties": {
        "id": "BLD-003",
        "building_id": "BLD-003",
        "name": "Tech Tower / LM-03",
        "type": "Tech Tower / LM-03",
        "height": 165.0,
        "min_height": 0.0,
        "district": "TECH / BUSINESS",
        "landmark": true,
        "local_x_m": 1050.0,
        "local_z_m": 530.0,
        "width_m": 75.0,
        "depth_m": 65.0,
        "base_elevation_m": 5.0,
        "planner_color": "#d9e4e5"
      },
      "geometry": {
        "type": "Polygon",
        "coordinates": [
          [
            [
              0.009095400646784046,
              0.004469098095580309
            ],
            [
              0.009769134028027308,
              0.004469098095580309
            ],
            [
              0.009769134028027308,
              0.00505300035932447
            ],
            [
              0.009095400646784046,
              0.00505300035932447
            ],
            [
              0.009095400646784046,
              0.004469098095580309
            ]
          ]
        ]
      }
    },
    {
      "type": "Feature",
      "properties": {
        "id": "BLD-004",
        "building_id": "BLD-004",
        "name": "Market Hall / LM-04",
        "type": "Market Hall / LM-04",
        "height": 16.0,
        "min_height": 0.0,
        "district": "OLD TOWN",
        "landmark": true,
        "local_x_m": -1250.0,
        "local_z_m": 730.0,
        "width_m": 80.0,
        "depth_m": 65.0,
        "base_elevation_m": 5.0,
        "planner_color": "#d9e4e5"
      },
      "geometry": {
        "type": "Polygon",
        "coordinates": [
          [
            [
              -0.011588214157384117,
              0.006265720445562343
            ],
            [
              -0.010869565217391304,
              0.006265720445562343
            ],
            [
              -0.010869565217391304,
              0.006849622709306504
            ],
            [
              -0.011588214157384117,
              0.006849622709306504
            ],
            [
              -0.011588214157384117,
              0.006265720445562343
            ]
          ]
        ]
      }
    },
    {
      "type": "Feature",
      "properties": {
        "id": "BLD-005",
        "building_id": "BLD-005",
        "name": "Hilltop Mansion / LM-05",
        "type": "Hilltop Mansion / LM-05",
        "height": 24.0,
        "min_height": 0.0,
        "district": "HILLS / VIP",
        "landmark": true,
        "local_x_m": 250.0,
        "local_z_m": 1690.0,
        "width_m": 90.0,
        "depth_m": 60.0,
        "base_elevation_m": 134.722,
        "planner_color": "#d9e4e5"
      },
      "geometry": {
        "type": "Polygon",
        "coordinates": [
          [
            [
              0.0018415379087315846,
              0.01491196550485088
            ],
            [
              0.0026500179662235,
              0.01491196550485088
            ],
            [
              0.0026500179662235,
              0.01545095220984549
            ],
            [
              0.0018415379087315846,
              0.01545095220984549
            ],
            [
              0.0018415379087315846,
              0.01491196550485088
            ]
          ]
        ]
      }
    },
    {
      "type": "Feature",
      "properties": {
        "id": "BLD-006",
        "building_id": "BLD-006",
        "name": "Casino / LM-06",
        "type": "Casino / LM-06",
        "height": 55.0,
        "min_height": 0.0,
        "district": "NIGHTLIFE",
        "landmark": true,
        "local_x_m": 250.0,
        "local_z_m": -470.0,
        "width_m": 100.0,
        "depth_m": 75.0,
        "base_elevation_m": 5.0,
        "planner_color": "#d9e4e5"
      },
      "geometry": {
        "type": "Polygon",
        "coordinates": [
          [
            [
              0.0017966223499820337,
              -0.004558929213079411
            ],
            [
              0.0026949335249730508,
              -0.004558929213079411
            ],
            [
              0.0026949335249730508,
              -0.003885195831836148
            ],
            [
              0.0017966223499820337,
              -0.003885195831836148
            ],
            [
              0.0017966223499820337,
              -0.004558929213079411
            ]
          ]
        ]
      }
    },
    {
      "type": "Feature",
      "properties": {
        "id": "BLD-007",
        "building_id": "BLD-007",
        "name": "Riverside Hotel / LM-07",
        "type": "Riverside Hotel / LM-07",
        "height": 60.0,
        "min_height": 0.0,
        "district": "RIVERSIDE",
        "landmark": true,
        "local_x_m": -250.0,
        "local_z_m": -1100.0,
        "width_m": 70.0,
        "depth_m": 50.0,
        "base_elevation_m": 5.0,
        "planner_color": "#d9e4e5"
      },
      "geometry": {
        "type": "Polygon",
        "coordinates": [
          [
            [
              -0.002560186848724398,
              -0.01010600071864894
            ],
            [
              -0.0019313690262306863,
              -0.01010600071864894
            ],
            [
              -0.0019313690262306863,
              -0.00965684513115343
            ],
            [
              -0.002560186848724398,
              -0.00965684513115343
            ],
            [
              -0.002560186848724398,
              -0.01010600071864894
            ]
          ]
        ]
      }
    },
    {
      "type": "Feature",
      "properties": {
        "id": "BLD-008",
        "building_id": "BLD-008",
        "name": "Grand Resort / LM-08",
        "type": "Grand Resort / LM-08",
        "height": 85.0,
        "min_height": 0.0,
        "district": "BEACH / MARINA",
        "landmark": true,
        "local_x_m": -350.0,
        "local_z_m": -1610.0,
        "width_m": 140.0,
        "depth_m": 70.0,
        "base_elevation_m": 5.0,
        "planner_color": "#d9e4e5"
      },
      "geometry": {
        "type": "Polygon",
        "coordinates": [
          [
            [
              -0.0037729069349622707,
              -0.014777218828602228
            ],
            [
              -0.0025152712899748474,
              -0.014777218828602228
            ],
            [
              -0.0025152712899748474,
              -0.014148401006108516
            ],
            [
              -0.0037729069349622707,
              -0.014148401006108516
            ],
            [
              -0.0037729069349622707,
              -0.014777218828602228
            ]
          ]
        ]
      }
    },
    {
      "type": "Feature",
      "properties": {
        "id": "BLD-009",
        "building_id": "BLD-009",
        "name": "Downtown tower",
        "type": "Downtown tower",
        "height": 88.0,
        "min_height": 0.0,
        "district": "DOWNTOWN",
        "landmark": false,
        "local_x_m": -520.0,
        "local_z_m": 80.0,
        "width_m": 42.0,
        "depth_m": 48.0,
        "base_elevation_m": 5.0,
        "planner_color": "#83aec4"
      },
      "geometry": {
        "type": "Polygon",
        "coordinates": [
          [
            [
              -0.004859863456701401,
              0.0005030542579949694
            ],
            [
              -0.004482572763205174,
              0.0005030542579949694
            ],
            [
              -0.004482572763205174,
              0.0009342436219906575
            ],
            [
              -0.004859863456701401,
              0.0009342436219906575
            ],
            [
              -0.004859863456701401,
              0.0005030542579949694
            ]
          ]
        ]
      }
    },
    {
      "type": "Feature",
      "properties": {
        "id": "BLD-010",
        "building_id": "BLD-010",
        "name": "Downtown tower",
        "type": "Downtown tower",
        "height": 98.0,
        "min_height": 0.0,
        "district": "DOWNTOWN",
        "landmark": false,
        "local_x_m": -520.0,
        "local_z_m": 250.0,
        "width_m": 42.0,
        "depth_m": 48.0,
        "base_elevation_m": 5.0,
        "planner_color": "#83aec4"
      },
      "geometry": {
        "type": "Polygon",
        "coordinates": [
          [
            [
              -0.004859863456701401,
              0.0020301832554796982
            ],
            [
              -0.004482572763205174,
              0.0020301832554796982
            ],
            [
              -0.004482572763205174,
              0.0024613726194753862
            ],
            [
              -0.004859863456701401,
              0.0024613726194753862
            ],
            [
              -0.004859863456701401,
              0.0020301832554796982
            ]
          ]
        ]
      }
    },
    {
      "type": "Feature",
      "properties": {
        "id": "BLD-011",
        "building_id": "BLD-011",
        "name": "Downtown tower",
        "type": "Downtown tower",
        "height": 100.0,
        "min_height": 0.0,
        "district": "DOWNTOWN",
        "landmark": false,
        "local_x_m": -520.0,
        "local_z_m": 470.0,
        "width_m": 42.0,
        "depth_m": 48.0,
        "base_elevation_m": 5.0,
        "planner_color": "#83aec4"
      },
      "geometry": {
        "type": "Polygon",
        "coordinates": [
          [
            [
              -0.004859863456701401,
              0.004006467840459936
            ],
            [
              -0.004482572763205174,
              0.004006467840459936
            ],
            [
              -0.004482572763205174,
              0.004437657204455624
            ],
            [
              -0.004859863456701401,
              0.004437657204455624
            ],
            [
              -0.004859863456701401,
              0.004006467840459936
            ]
          ]
        ]
      }
    },
    {
      "type": "Feature",
      "properties": {
        "id": "BLD-012",
        "building_id": "BLD-012",
        "name": "Downtown tower",
        "type": "Downtown tower",
        "height": 85.0,
        "min_height": 0.0,
        "district": "DOWNTOWN",
        "landmark": false,
        "local_x_m": -520.0,
        "local_z_m": 760.0,
        "width_m": 42.0,
        "depth_m": 48.0,
        "base_elevation_m": 5.0,
        "planner_color": "#83aec4"
      },
      "geometry": {
        "type": "Polygon",
        "coordinates": [
          [
            [
              -0.004859863456701401,
              0.006611570247933884
            ],
            [
              -0.004482572763205174,
              0.006611570247933884
            ],
            [
              -0.004482572763205174,
              0.007042759611929572
            ],
            [
              -0.004859863456701401,
              0.007042759611929572
            ],
            [
              -0.004859863456701401,
              0.006611570247933884
            ]
          ]
        ]
      }
    },
    {
      "type": "Feature",
      "properties": {
        "id": "BLD-013",
        "building_id": "BLD-013",
        "name": "Downtown tower",
        "type": "Downtown tower",
        "height": 112.0,
        "min_height": 0.0,
        "district": "DOWNTOWN",
        "landmark": false,
        "local_x_m": -300.0,
        "local_z_m": 80.0,
        "width_m": 42.0,
        "depth_m": 48.0,
        "base_elevation_m": 5.0,
        "planner_color": "#83aec4"
      },
      "geometry": {
        "type": "Polygon",
        "coordinates": [
          [
            [
              -0.0028835788717211644,
              0.0005030542579949694
            ],
            [
              -0.002506288178224937,
              0.0005030542579949694
            ],
            [
              -0.002506288178224937,
              0.0009342436219906575
            ],
            [
              -0.0028835788717211644,
              0.0009342436219906575
            ],
            [
              -0.0028835788717211644,
              0.0005030542579949694
            ]
          ]
        ]
      }
    },
    {
      "type": "Feature",
      "properties": {
        "id": "BLD-014",
        "building_id": "BLD-014",
        "name": "Downtown tower",
        "type": "Downtown tower",
        "height": 127.0,
        "min_height": 0.0,
        "district": "DOWNTOWN",
        "landmark": false,
        "local_x_m": -300.0,
        "local_z_m": 250.0,
        "width_m": 42.0,
        "depth_m": 48.0,
        "base_elevation_m": 5.0,
        "planner_color": "#83aec4"
      },
      "geometry": {
        "type": "Polygon",
        "coordinates": [
          [
            [
              -0.0028835788717211644,
              0.0020301832554796982
            ],
            [
              -0.002506288178224937,
              0.0020301832554796982
            ],
            [
              -0.002506288178224937,
              0.0024613726194753862
            ],
            [
              -0.0028835788717211644,
              0.0024613726194753862
            ],
            [
              -0.0028835788717211644,
              0.0020301832554796982
            ]
          ]
        ]
      }
    },
    {
      "type": "Feature",
      "properties": {
        "id": "BLD-015",
        "building_id": "BLD-015",
        "name": "Downtown tower",
        "type": "Downtown tower",
        "height": 131.0,
        "min_height": 0.0,
        "district": "DOWNTOWN",
        "landmark": false,
        "local_x_m": -300.0,
        "local_z_m": 470.0,
        "width_m": 42.0,
        "depth_m": 48.0,
        "base_elevation_m": 5.0,
        "planner_color": "#83aec4"
      },
      "geometry": {
        "type": "Polygon",
        "coordinates": [
          [
            [
              -0.0028835788717211644,
              0.004006467840459936
            ],
            [
              -0.002506288178224937,
              0.004006467840459936
            ],
            [
              -0.002506288178224937,
              0.004437657204455624
            ],
            [
              -0.0028835788717211644,
              0.004437657204455624
            ],
            [
              -0.0028835788717211644,
              0.004006467840459936
            ]
          ]
        ]
      }
    },
    {
      "type": "Feature",
      "properties": {
        "id": "BLD-016",
        "building_id": "BLD-016",
        "name": "Downtown tower",
        "type": "Downtown tower",
        "height": 108.0,
        "min_height": 0.0,
        "district": "DOWNTOWN",
        "landmark": false,
        "local_x_m": -300.0,
        "local_z_m": 760.0,
        "width_m": 42.0,
        "depth_m": 48.0,
        "base_elevation_m": 5.0,
        "planner_color": "#83aec4"
      },
      "geometry": {
        "type": "Polygon",
        "coordinates": [
          [
            [
              -0.0028835788717211644,
              0.006611570247933884
            ],
            [
              -0.002506288178224937,
              0.006611570247933884
            ],
            [
              -0.002506288178224937,
              0.007042759611929572
            ],
            [
              -0.0028835788717211644,
              0.007042759611929572
            ],
            [
              -0.0028835788717211644,
              0.006611570247933884
            ]
          ]
        ]
      }
    },
    {
      "type": "Feature",
      "properties": {
        "id": "BLD-017",
        "building_id": "BLD-017",
        "name": "Downtown tower",
        "type": "Downtown tower",
        "height": 128.0,
        "min_height": 0.0,
        "district": "DOWNTOWN",
        "landmark": false,
        "local_x_m": -80.0,
        "local_z_m": 80.0,
        "width_m": 42.0,
        "depth_m": 48.0,
        "base_elevation_m": 5.0,
        "planner_color": "#83aec4"
      },
      "geometry": {
        "type": "Polygon",
        "coordinates": [
          [
            [
              -0.000907294286740927,
              0.0005030542579949694
            ],
            [
              -0.0005300035932446999,
              0.0005030542579949694
            ],
            [
              -0.0005300035932446999,
              0.0009342436219906575
            ],
            [
              -0.000907294286740927,
              0.0009342436219906575
            ],
            [
              -0.000907294286740927,
              0.0005030542579949694
            ]
          ]
        ]
      }
    },
    {
      "type": "Feature",
      "properties": {
        "id": "BLD-018",
        "building_id": "BLD-018",
        "name": "Downtown tower",
        "type": "Downtown tower",
        "height": 151.0,
        "min_height": 0.0,
        "district": "DOWNTOWN",
        "landmark": false,
        "local_x_m": -80.0,
        "local_z_m": 250.0,
        "width_m": 42.0,
        "depth_m": 48.0,
        "base_elevation_m": 5.0,
        "planner_color": "#83aec4"
      },
      "geometry": {
        "type": "Polygon",
        "coordinates": [
          [
            [
              -0.000907294286740927,
              0.0020301832554796982
            ],
            [
              -0.0005300035932446999,
              0.0020301832554796982
            ],
            [
              -0.0005300035932446999,
              0.0024613726194753862
            ],
            [
              -0.000907294286740927,
              0.0024613726194753862
            ],
            [
              -0.000907294286740927,
              0.0020301832554796982
            ]
          ]
        ]
      }
    },
    {
      "type": "Feature",
      "properties": {
        "id": "BLD-019",
        "building_id": "BLD-019",
        "name": "Downtown tower",
        "type": "Downtown tower",
        "height": 122.0,
        "min_height": 0.0,
        "district": "DOWNTOWN",
        "landmark": false,
        "local_x_m": -80.0,
        "local_z_m": 760.0,
        "width_m": 42.0,
        "depth_m": 48.0,
        "base_elevation_m": 5.0,
        "planner_color": "#83aec4"
      },
      "geometry": {
        "type": "Polygon",
        "coordinates": [
          [
            [
              -0.000907294286740927,
              0.006611570247933884
            ],
            [
              -0.0005300035932446999,
              0.006611570247933884
            ],
            [
              -0.0005300035932446999,
              0.007042759611929572
            ],
            [
              -0.000907294286740927,
              0.007042759611929572
            ],
            [
              -0.000907294286740927,
              0.006611570247933884
            ]
          ]
        ]
      }
    },
    {
      "type": "Feature",
      "properties": {
        "id": "BLD-020",
        "building_id": "BLD-020",
        "name": "Downtown tower",
        "type": "Downtown tower",
        "height": 109.0,
        "min_height": 0.0,
        "district": "DOWNTOWN",
        "landmark": false,
        "local_x_m": 330.0,
        "local_z_m": 80.0,
        "width_m": 42.0,
        "depth_m": 48.0,
        "base_elevation_m": 5.0,
        "planner_color": "#83aec4"
      },
      "geometry": {
        "type": "Polygon",
        "coordinates": [
          [
            [
              0.0027757815307222424,
              0.0005030542579949694
            ],
            [
              0.003153072224218469,
              0.0005030542579949694
            ],
            [
              0.003153072224218469,
              0.0009342436219906575
            ],
            [
              0.0027757815307222424,
              0.0009342436219906575
            ],
            [
              0.0027757815307222424,
              0.0005030542579949694
            ]
          ]
        ]
      }
    },
    {
      "type": "Feature",
      "properties": {
        "id": "BLD-021",
        "building_id": "BLD-021",
        "name": "Downtown tower",
        "type": "Downtown tower",
        "height": 123.0,
        "min_height": 0.0,
        "district": "DOWNTOWN",
        "landmark": false,
        "local_x_m": 330.0,
        "local_z_m": 250.0,
        "width_m": 42.0,
        "depth_m": 48.0,
        "base_elevation_m": 5.0,
        "planner_color": "#83aec4"
      },
      "geometry": {
        "type": "Polygon",
        "coordinates": [
          [
            [
              0.0027757815307222424,
              0.0020301832554796982
            ],
            [
              0.003153072224218469,
              0.0020301832554796982
            ],
            [
              0.003153072224218469,
              0.0024613726194753862
            ],
            [
              0.0027757815307222424,
              0.0024613726194753862
            ],
            [
              0.0027757815307222424,
              0.0020301832554796982
            ]
          ]
        ]
      }
    },
    {
      "type": "Feature",
      "properties": {
        "id": "BLD-022",
        "building_id": "BLD-022",
        "name": "Downtown tower",
        "type": "Downtown tower",
        "height": 127.0,
        "min_height": 0.0,
        "district": "DOWNTOWN",
        "landmark": false,
        "local_x_m": 330.0,
        "local_z_m": 470.0,
        "width_m": 42.0,
        "depth_m": 48.0,
        "base_elevation_m": 5.0,
        "planner_color": "#83aec4"
      },
      "geometry": {
        "type": "Polygon",
        "coordinates": [
          [
            [
              0.0027757815307222424,
              0.004006467840459936
            ],
            [
              0.003153072224218469,
              0.004006467840459936
            ],
            [
              0.003153072224218469,
              0.004437657204455624
            ],
            [
              0.0027757815307222424,
              0.004437657204455624
            ],
            [
              0.0027757815307222424,
              0.004006467840459936
            ]
          ]
        ]
      }
    },
    {
      "type": "Feature",
      "properties": {
        "id": "BLD-023",
        "building_id": "BLD-023",
        "name": "Downtown tower",
        "type": "Downtown tower",
        "height": 105.0,
        "min_height": 0.0,
        "district": "DOWNTOWN",
        "landmark": false,
        "local_x_m": 330.0,
        "local_z_m": 760.0,
        "width_m": 42.0,
        "depth_m": 48.0,
        "base_elevation_m": 5.0,
        "planner_color": "#83aec4"
      },
      "geometry": {
        "type": "Polygon",
        "coordinates": [
          [
            [
              0.0027757815307222424,
              0.006611570247933884
            ],
            [
              0.003153072224218469,
              0.006611570247933884
            ],
            [
              0.003153072224218469,
              0.007042759611929572
            ],
            [
              0.0027757815307222424,
              0.007042759611929572
            ],
            [
              0.0027757815307222424,
              0.006611570247933884
            ]
          ]
        ]
      }
    },
    {
      "type": "Feature",
      "properties": {
        "id": "BLD-024",
        "building_id": "BLD-024",
        "name": "HILLS / VIP block",
        "type": "HILLS / VIP block",
        "height": 11.399,
        "min_height": 0.0,
        "district": "HILLS / VIP",
        "landmark": false,
        "local_x_m": -640.0,
        "local_z_m": 1520.0,
        "width_m": 42.0,
        "depth_m": 35.0,
        "base_elevation_m": 79.256,
        "planner_color": "#6e9c71"
      },
      "geometry": {
        "type": "Polygon",
        "coordinates": [
          [
            [
              -0.005937836866690621,
              0.013497125404240029
            ],
            [
              -0.005560546173194394,
              0.013497125404240029
            ],
            [
              -0.005560546173194394,
              0.013811534315486885
            ],
            [
              -0.005937836866690621,
              0.013811534315486885
            ],
            [
              -0.005937836866690621,
              0.013497125404240029
            ]
          ]
        ]
      }
    },
    {
      "type": "Feature",
      "properties": {
        "id": "BLD-025",
        "building_id": "BLD-025",
        "name": "HILLS / VIP block",
        "type": "HILLS / VIP block",
        "height": 12.623,
        "min_height": 0.0,
        "district": "HILLS / VIP",
        "landmark": false,
        "local_x_m": -640.0,
        "local_z_m": 1690.0,
        "width_m": 42.0,
        "depth_m": 35.0,
        "base_elevation_m": 109.312,
        "planner_color": "#6e9c71"
      },
      "geometry": {
        "type": "Polygon",
        "coordinates": [
          [
            [
              -0.005937836866690621,
              0.015024254401724757
            ],
            [
              -0.005560546173194394,
              0.015024254401724757
            ],
            [
              -0.005560546173194394,
              0.015338663312971613
            ],
            [
              -0.005937836866690621,
              0.015338663312971613
            ],
            [
              -0.005937836866690621,
              0.015024254401724757
            ]
          ]
        ]
      }
    },
    {
      "type": "Feature",
      "properties": {
        "id": "BLD-026",
        "building_id": "BLD-026",
        "name": "HILLS / VIP block",
        "type": "HILLS / VIP block",
        "height": 11.882,
        "min_height": 0.0,
        "district": "HILLS / VIP",
        "landmark": false,
        "local_x_m": -470.0,
        "local_z_m": 1010.0,
        "width_m": 42.0,
        "depth_m": 35.0,
        "base_elevation_m": 5.0,
        "planner_color": "#6e9c71"
      },
      "geometry": {
        "type": "Polygon",
        "coordinates": [
          [
            [
              -0.004410707869205893,
              0.008915738411785843
            ],
            [
              -0.004033417175709666,
              0.008915738411785843
            ],
            [
              -0.004033417175709666,
              0.009230147323032699
            ],
            [
              -0.004410707869205893,
              0.009230147323032699
            ],
            [
              -0.004410707869205893,
              0.008915738411785843
            ]
          ]
        ]
      }
    },
    {
      "type": "Feature",
      "properties": {
        "id": "BLD-027",
        "building_id": "BLD-027",
        "name": "HILLS / VIP block",
        "type": "HILLS / VIP block",
        "height": 14.271,
        "min_height": 0.0,
        "district": "HILLS / VIP",
        "landmark": false,
        "local_x_m": -470.0,
        "local_z_m": 1520.0,
        "width_m": 42.0,
        "depth_m": 35.0,
        "base_elevation_m": 88.636,
        "planner_color": "#6e9c71"
      },
      "geometry": {
        "type": "Polygon",
        "coordinates": [
          [
            [
              -0.004410707869205893,
              0.013497125404240029
            ],
            [
              -0.004033417175709666,
              0.013497125404240029
            ],
            [
              -0.004033417175709666,
              0.013811534315486885
            ],
            [
              -0.004410707869205893,
              0.013811534315486885
            ],
            [
              -0.004410707869205893,
              0.013497125404240029
            ]
          ]
        ]
      }
    },
    {
      "type": "Feature",
      "properties": {
        "id": "BLD-028",
        "building_id": "BLD-028",
        "name": "HILLS / VIP block",
        "type": "HILLS / VIP block",
        "height": 11.546,
        "min_height": 0.0,
        "district": "HILLS / VIP",
        "landmark": false,
        "local_x_m": -470.0,
        "local_z_m": 1690.0,
        "width_m": 42.0,
        "depth_m": 35.0,
        "base_elevation_m": 122.489,
        "planner_color": "#6e9c71"
      },
      "geometry": {
        "type": "Polygon",
        "coordinates": [
          [
            [
              -0.004410707869205893,
              0.015024254401724757
            ],
            [
              -0.004033417175709666,
              0.015024254401724757
            ],
            [
              -0.004033417175709666,
              0.015338663312971613
            ],
            [
              -0.004410707869205893,
              0.015338663312971613
            ],
            [
              -0.004410707869205893,
              0.015024254401724757
            ]
          ]
        ]
      }
    },
    {
      "type": "Feature",
      "properties": {
        "id": "BLD-029",
        "building_id": "BLD-029",
        "name": "HILLS / VIP block",
        "type": "HILLS / VIP block",
        "height": 14.696,
        "min_height": 0.0,
        "district": "HILLS / VIP",
        "landmark": false,
        "local_x_m": -300.0,
        "local_z_m": 1350.0,
        "width_m": 42.0,
        "depth_m": 35.0,
        "base_elevation_m": 59.033,
        "planner_color": "#6e9c71"
      },
      "geometry": {
        "type": "Polygon",
        "coordinates": [
          [
            [
              -0.0028835788717211644,
              0.0119699964067553
            ],
            [
              -0.002506288178224937,
              0.0119699964067553
            ],
            [
              -0.002506288178224937,
              0.012284405318002156
            ],
            [
              -0.0028835788717211644,
              0.012284405318002156
            ],
            [
              -0.0028835788717211644,
              0.0119699964067553
            ]
          ]
        ]
      }
    },
    {
      "type": "Feature",
      "properties": {
        "id": "BLD-030",
        "building_id": "BLD-030",
        "name": "HILLS / VIP block",
        "type": "HILLS / VIP block",
        "height": 15.909,
        "min_height": 0.0,
        "district": "HILLS / VIP",
        "landmark": false,
        "local_x_m": -300.0,
        "local_z_m": 1520.0,
        "width_m": 42.0,
        "depth_m": 35.0,
        "base_elevation_m": 95.776,
        "planner_color": "#6e9c71"
      },
      "geometry": {
        "type": "Polygon",
        "coordinates": [
          [
            [
              -0.0028835788717211644,
              0.013497125404240029
            ],
            [
              -0.002506288178224937,
              0.013497125404240029
            ],
            [
              -0.002506288178224937,
              0.013811534315486885
            ],
            [
              -0.0028835788717211644,
              0.013811534315486885
            ],
            [
              -0.0028835788717211644,
              0.013497125404240029
            ]
          ]
        ]
      }
    },
    {
      "type": "Feature",
      "properties": {
        "id": "BLD-031",
        "building_id": "BLD-031",
        "name": "HILLS / VIP block",
        "type": "HILLS / VIP block",
        "height": 16.149,
        "min_height": 0.0,
        "district": "HILLS / VIP",
        "landmark": false,
        "local_x_m": -300.0,
        "local_z_m": 1690.0,
        "width_m": 42.0,
        "depth_m": 35.0,
        "base_elevation_m": 132.519,
        "planner_color": "#6e9c71"
      },
      "geometry": {
        "type": "Polygon",
        "coordinates": [
          [
            [
              -0.0028835788717211644,
              0.015024254401724757
            ],
            [
              -0.002506288178224937,
              0.015024254401724757
            ],
            [
              -0.002506288178224937,
              0.015338663312971613
            ],
            [
              -0.0028835788717211644,
              0.015338663312971613
            ],
            [
              -0.0028835788717211644,
              0.015024254401724757
            ]
          ]
        ]
      }
    },
    {
      "type": "Feature",
      "properties": {
        "id": "BLD-032",
        "building_id": "BLD-032",
        "name": "HILLS / VIP block",
        "type": "HILLS / VIP block",
        "height": 11.466,
        "min_height": 0.0,
        "district": "HILLS / VIP",
        "landmark": false,
        "local_x_m": -130.0,
        "local_z_m": 1010.0,
        "width_m": 42.0,
        "depth_m": 35.0,
        "base_elevation_m": 5.0,
        "planner_color": "#6e9c71"
      },
      "geometry": {
        "type": "Polygon",
        "coordinates": [
          [
            [
              -0.0013564498742364354,
              0.008915738411785843
            ],
            [
              -0.0009791591807402085,
              0.008915738411785843
            ],
            [
              -0.0009791591807402085,
              0.009230147323032699
            ],
            [
              -0.0013564498742364354,
              0.009230147323032699
            ],
            [
              -0.0013564498742364354,
              0.008915738411785843
            ]
          ]
        ]
      }
    },
    {
      "type": "Feature",
      "properties": {
        "id": "BLD-033",
        "building_id": "BLD-033",
        "name": "HILLS / VIP block",
        "type": "HILLS / VIP block",
        "height": 11.652,
        "min_height": 0.0,
        "district": "HILLS / VIP",
        "landmark": false,
        "local_x_m": -130.0,
        "local_z_m": 1350.0,
        "width_m": 42.0,
        "depth_m": 35.0,
        "base_elevation_m": 61.547,
        "planner_color": "#6e9c71"
      },
      "geometry": {
        "type": "Polygon",
        "coordinates": [
          [
            [
              -0.0013564498742364354,
              0.0119699964067553
            ],
            [
              -0.0009791591807402085,
              0.0119699964067553
            ],
            [
              -0.0009791591807402085,
              0.012284405318002156
            ],
            [
              -0.0013564498742364354,
              0.012284405318002156
            ],
            [
              -0.0013564498742364354,
              0.0119699964067553
            ]
          ]
        ]
      }
    },
    {
      "type": "Feature",
      "properties": {
        "id": "BLD-034",
        "building_id": "BLD-034",
        "name": "HILLS / VIP block",
        "type": "HILLS / VIP block",
        "height": 15.625,
        "min_height": 0.0,
        "district": "HILLS / VIP",
        "landmark": false,
        "local_x_m": -130.0,
        "local_z_m": 1520.0,
        "width_m": 42.0,
        "depth_m": 35.0,
        "base_elevation_m": 99.999,
        "planner_color": "#6e9c71"
      },
      "geometry": {
        "type": "Polygon",
        "coordinates": [
          [
            [
              -0.0013564498742364354,
              0.013497125404240029
            ],
            [
              -0.0009791591807402085,
              0.013497125404240029
            ],
            [
              -0.0009791591807402085,
              0.013811534315486885
            ],
            [
              -0.0013564498742364354,
              0.013811534315486885
            ],
            [
              -0.0013564498742364354,
              0.013497125404240029
            ]
          ]
        ]
      }
    },
    {
      "type": "Feature",
      "properties": {
        "id": "BLD-035",
        "building_id": "BLD-035",
        "name": "HILLS / VIP block",
        "type": "HILLS / VIP block",
        "height": 15.59,
        "min_height": 0.0,
        "district": "HILLS / VIP",
        "landmark": false,
        "local_x_m": -130.0,
        "local_z_m": 1690.0,
        "width_m": 42.0,
        "depth_m": 35.0,
        "base_elevation_m": 138.451,
        "planner_color": "#6e9c71"
      },
      "geometry": {
        "type": "Polygon",
        "coordinates": [
          [
            [
              -0.0013564498742364354,
              0.015024254401724757
            ],
            [
              -0.0009791591807402085,
              0.015024254401724757
            ],
            [
              -0.0009791591807402085,
              0.015338663312971613
            ],
            [
              -0.0013564498742364354,
              0.015338663312971613
            ],
            [
              -0.0013564498742364354,
              0.015024254401724757
            ]
          ]
        ]
      }
    },
    {
      "type": "Feature",
      "properties": {
        "id": "BLD-036",
        "building_id": "BLD-036",
        "name": "HILLS / VIP block",
        "type": "HILLS / VIP block",
        "height": 16.344,
        "min_height": 0.0,
        "district": "HILLS / VIP",
        "landmark": false,
        "local_x_m": 40.0,
        "local_z_m": 1350.0,
        "width_m": 42.0,
        "depth_m": 35.0,
        "base_elevation_m": 62.086,
        "planner_color": "#6e9c71"
      },
      "geometry": {
        "type": "Polygon",
        "coordinates": [
          [
            [
              0.00017067912324829321,
              0.0119699964067553
            ],
            [
              0.0005479698167445203,
              0.0119699964067553
            ],
            [
              0.0005479698167445203,
              0.012284405318002156
            ],
            [
              0.00017067912324829321,
              0.012284405318002156
            ],
            [
              0.00017067912324829321,
              0.0119699964067553
            ]
          ]
        ]
      }
    },
    {
      "type": "Feature",
      "properties": {
        "id": "BLD-037",
        "building_id": "BLD-037",
        "name": "HILLS / VIP block",
        "type": "HILLS / VIP block",
        "height": 17.086,
        "min_height": 0.0,
        "district": "HILLS / VIP",
        "landmark": false,
        "local_x_m": 40.0,
        "local_z_m": 1690.0,
        "width_m": 42.0,
        "depth_m": 35.0,
        "base_elevation_m": 139.723,
        "planner_color": "#6e9c71"
      },
      "geometry": {
        "type": "Polygon",
        "coordinates": [
          [
            [
              0.00017067912324829321,
              0.015024254401724757
            ],
            [
              0.0005479698167445203,
              0.015024254401724757
            ],
            [
              0.0005479698167445203,
              0.015338663312971613
            ],
            [
              0.00017067912324829321,
              0.015338663312971613
            ],
            [
              0.00017067912324829321,
              0.015024254401724757
            ]
          ]
        ]
      }
    },
    {
      "type": "Feature",
      "properties": {
        "id": "BLD-038",
        "building_id": "BLD-038",
        "name": "HILLS / VIP block",
        "type": "HILLS / VIP block",
        "height": 17.138,
        "min_height": 0.0,
        "district": "HILLS / VIP",
        "landmark": false,
        "local_x_m": 210.0,
        "local_z_m": 1010.0,
        "width_m": 42.0,
        "depth_m": 35.0,
        "base_elevation_m": 5.0,
        "planner_color": "#6e9c71"
      },
      "geometry": {
        "type": "Polygon",
        "coordinates": [
          [
            [
              0.001697808120733022,
              0.008915738411785843
            ],
            [
              0.002075098814229249,
              0.008915738411785843
            ],
            [
              0.002075098814229249,
              0.009230147323032699
            ],
            [
              0.001697808120733022,
              0.009230147323032699
            ],
            [
              0.001697808120733022,
              0.008915738411785843
            ]
          ]
        ]
      }
    },
    {
      "type": "Feature",
      "properties": {
        "id": "BLD-039",
        "building_id": "BLD-039",
        "name": "HILLS / VIP block",
        "type": "HILLS / VIP block",
        "height": 14.965,
        "min_height": 0.0,
        "district": "HILLS / VIP",
        "landmark": false,
        "local_x_m": 210.0,
        "local_z_m": 1350.0,
        "width_m": 42.0,
        "depth_m": 35.0,
        "base_elevation_m": 60.6,
        "planner_color": "#6e9c71"
      },
      "geometry": {
        "type": "Polygon",
        "coordinates": [
          [
            [
              0.001697808120733022,
              0.0119699964067553
            ],
            [
              0.002075098814229249,
              0.0119699964067553
            ],
            [
              0.002075098814229249,
              0.012284405318002156
            ],
            [
              0.001697808120733022,
              0.012284405318002156
            ],
            [
              0.001697808120733022,
              0.0119699964067553
            ]
          ]
        ]
      }
    },
    {
      "type": "Feature",
      "properties": {
        "id": "BLD-040",
        "building_id": "BLD-040",
        "name": "HILLS / VIP block",
        "type": "HILLS / VIP block",
        "height": 14.201,
        "min_height": 0.0,
        "district": "HILLS / VIP",
        "landmark": false,
        "local_x_m": 210.0,
        "local_z_m": 1520.0,
        "width_m": 42.0,
        "depth_m": 35.0,
        "base_elevation_m": 98.408,
        "planner_color": "#6e9c71"
      },
      "geometry": {
        "type": "Polygon",
        "coordinates": [
          [
            [
              0.001697808120733022,
              0.013497125404240029
            ],
            [
              0.002075098814229249,
              0.013497125404240029
            ],
            [
              0.002075098814229249,
              0.013811534315486885
            ],
            [
              0.001697808120733022,
              0.013811534315486885
            ],
            [
              0.001697808120733022,
              0.013497125404240029
            ]
          ]
        ]
      }
    },
    {
      "type": "Feature",
      "properties": {
        "id": "BLD-041",
        "building_id": "BLD-041",
        "name": "HILLS / VIP block",
        "type": "HILLS / VIP block",
        "height": 10.243,
        "min_height": 0.0,
        "district": "HILLS / VIP",
        "landmark": false,
        "local_x_m": 380.0,
        "local_z_m": 1010.0,
        "width_m": 42.0,
        "depth_m": 35.0,
        "base_elevation_m": 5.0,
        "planner_color": "#6e9c71"
      },
      "geometry": {
        "type": "Polygon",
        "coordinates": [
          [
            [
              0.0032249371182177505,
              0.008915738411785843
            ],
            [
              0.0036022278117139777,
              0.008915738411785843
            ],
            [
              0.0036022278117139777,
              0.009230147323032699
            ],
            [
              0.0032249371182177505,
              0.009230147323032699
            ],
            [
              0.0032249371182177505,
              0.008915738411785843
            ]
          ]
        ]
      }
    },
    {
      "type": "Feature",
      "properties": {
        "id": "BLD-042",
        "building_id": "BLD-042",
        "name": "HILLS / VIP block",
        "type": "HILLS / VIP block",
        "height": 15.59,
        "min_height": 0.0,
        "district": "HILLS / VIP",
        "landmark": false,
        "local_x_m": 380.0,
        "local_z_m": 1350.0,
        "width_m": 42.0,
        "depth_m": 35.0,
        "base_elevation_m": 57.229,
        "planner_color": "#6e9c71"
      },
      "geometry": {
        "type": "Polygon",
        "coordinates": [
          [
            [
              0.0032249371182177505,
              0.0119699964067553
            ],
            [
              0.0036022278117139777,
              0.0119699964067553
            ],
            [
              0.0036022278117139777,
              0.012284405318002156
            ],
            [
              0.0032249371182177505,
              0.012284405318002156
            ],
            [
              0.0032249371182177505,
              0.0119699964067553
            ]
          ]
        ]
      }
    },
    {
      "type": "Feature",
      "properties": {
        "id": "BLD-043",
        "building_id": "BLD-043",
        "name": "HILLS / VIP block",
        "type": "HILLS / VIP block",
        "height": 16.267,
        "min_height": 0.0,
        "district": "HILLS / VIP",
        "landmark": false,
        "local_x_m": 550.0,
        "local_z_m": 1350.0,
        "width_m": 42.0,
        "depth_m": 35.0,
        "base_elevation_m": 52.292,
        "planner_color": "#6e9c71"
      },
      "geometry": {
        "type": "Polygon",
        "coordinates": [
          [
            [
              0.004752066115702479,
              0.0119699964067553
            ],
            [
              0.005129356809198706,
              0.0119699964067553
            ],
            [
              0.005129356809198706,
              0.012284405318002156
            ],
            [
              0.004752066115702479,
              0.012284405318002156
            ],
            [
              0.004752066115702479,
              0.0119699964067553
            ]
          ]
        ]
      }
    },
    {
      "type": "Feature",
      "properties": {
        "id": "BLD-044",
        "building_id": "BLD-044",
        "name": "HILLS / VIP block",
        "type": "HILLS / VIP block",
        "height": 13.521,
        "min_height": 0.0,
        "district": "HILLS / VIP",
        "landmark": false,
        "local_x_m": 550.0,
        "local_z_m": 1520.0,
        "width_m": 42.0,
        "depth_m": 35.0,
        "base_elevation_m": 84.451,
        "planner_color": "#6e9c71"
      },
      "geometry": {
        "type": "Polygon",
        "coordinates": [
          [
            [
              0.004752066115702479,
              0.013497125404240029
            ],
            [
              0.005129356809198706,
              0.013497125404240029
            ],
            [
              0.005129356809198706,
              0.013811534315486885
            ],
            [
              0.004752066115702479,
              0.013811534315486885
            ],
            [
              0.004752066115702479,
              0.013497125404240029
            ]
          ]
        ]
      }
    },
    {
      "type": "Feature",
      "properties": {
        "id": "BLD-045",
        "building_id": "BLD-045",
        "name": "HILLS / VIP block",
        "type": "HILLS / VIP block",
        "height": 12.053,
        "min_height": 0.0,
        "district": "HILLS / VIP",
        "landmark": false,
        "local_x_m": 550.0,
        "local_z_m": 1690.0,
        "width_m": 42.0,
        "depth_m": 35.0,
        "base_elevation_m": 116.61,
        "planner_color": "#6e9c71"
      },
      "geometry": {
        "type": "Polygon",
        "coordinates": [
          [
            [
              0.004752066115702479,
              0.015024254401724757
            ],
            [
              0.005129356809198706,
              0.015024254401724757
            ],
            [
              0.005129356809198706,
              0.015338663312971613
            ],
            [
              0.004752066115702479,
              0.015338663312971613
            ],
            [
              0.004752066115702479,
              0.015024254401724757
            ]
          ]
        ]
      }
    },
    {
      "type": "Feature",
      "properties": {
        "id": "BLD-046",
        "building_id": "BLD-046",
        "name": "OLD TOWN block",
        "type": "OLD TOWN block",
        "height": 21.422,
        "min_height": 0.0,
        "district": "OLD TOWN",
        "landmark": false,
        "local_x_m": -1740.0,
        "local_z_m": 310.0,
        "width_m": 35.0,
        "depth_m": 35.0,
        "base_elevation_m": 5.0,
        "planner_color": "#c9916f"
      },
      "geometry": {
        "type": "Polygon",
        "coordinates": [
          [
            [
              -0.015787818900467123,
              0.0026275601868487246
            ],
            [
              -0.015473409989220265,
              0.0026275601868487246
            ],
            [
              -0.015473409989220265,
              0.0029419690980955803
            ],
            [
              -0.015787818900467123,
              0.0029419690980955803
            ],
            [
              -0.015787818900467123,
              0.0026275601868487246
            ]
          ]
        ]
      }
    },
    {
      "type": "Feature",
      "properties": {
        "id": "BLD-047",
        "building_id": "BLD-047",
        "name": "OLD TOWN block",
        "type": "OLD TOWN block",
        "height": 18.685,
        "min_height": 0.0,
        "district": "OLD TOWN",
        "landmark": false,
        "local_x_m": -1740.0,
        "local_z_m": 510.0,
        "width_m": 35.0,
        "depth_m": 35.0,
        "base_elevation_m": 5.0,
        "planner_color": "#c9916f"
      },
      "geometry": {
        "type": "Polygon",
        "coordinates": [
          [
            [
              -0.015787818900467123,
              0.004424182536830758
            ],
            [
              -0.015473409989220265,
              0.004424182536830758
            ],
            [
              -0.015473409989220265,
              0.004738591448077614
            ],
            [
              -0.015787818900467123,
              0.004738591448077614
            ],
            [
              -0.015787818900467123,
              0.004424182536830758
            ]
          ]
        ]
      }
    },
    {
      "type": "Feature",
      "properties": {
        "id": "BLD-048",
        "building_id": "BLD-048",
        "name": "OLD TOWN block",
        "type": "OLD TOWN block",
        "height": 17.991,
        "min_height": 0.0,
        "district": "OLD TOWN",
        "landmark": false,
        "local_x_m": -1740.0,
        "local_z_m": 710.0,
        "width_m": 35.0,
        "depth_m": 35.0,
        "base_elevation_m": 5.0,
        "planner_color": "#c9916f"
      },
      "geometry": {
        "type": "Polygon",
        "coordinates": [
          [
            [
              -0.015787818900467123,
              0.0062208048868127915
            ],
            [
              -0.015473409989220265,
              0.0062208048868127915
            ],
            [
              -0.015473409989220265,
              0.006535213798059648
            ],
            [
              -0.015787818900467123,
              0.006535213798059648
            ],
            [
              -0.015787818900467123,
              0.0062208048868127915
            ]
          ]
        ]
      }
    },
    {
      "type": "Feature",
      "properties": {
        "id": "BLD-049",
        "building_id": "BLD-049",
        "name": "OLD TOWN block",
        "type": "OLD TOWN block",
        "height": 25.794,
        "min_height": 0.0,
        "district": "OLD TOWN",
        "landmark": false,
        "local_x_m": -1740.0,
        "local_z_m": 910.0,
        "width_m": 35.0,
        "depth_m": 35.0,
        "base_elevation_m": 5.0,
        "planner_color": "#c9916f"
      },
      "geometry": {
        "type": "Polygon",
        "coordinates": [
          [
            [
              -0.015787818900467123,
              0.008017427236794826
            ],
            [
              -0.015473409989220265,
              0.008017427236794826
            ],
            [
              -0.015473409989220265,
              0.008331836148041682
            ],
            [
              -0.015787818900467123,
              0.008331836148041682
            ],
            [
              -0.015787818900467123,
              0.008017427236794826
            ]
          ]
        ]
      }
    },
    {
      "type": "Feature",
      "properties": {
        "id": "BLD-050",
        "building_id": "BLD-050",
        "name": "OLD TOWN block",
        "type": "OLD TOWN block",
        "height": 31.074,
        "min_height": 0.0,
        "district": "OLD TOWN",
        "landmark": false,
        "local_x_m": -1540.0,
        "local_z_m": 310.0,
        "width_m": 35.0,
        "depth_m": 35.0,
        "base_elevation_m": 5.0,
        "planner_color": "#c9916f"
      },
      "geometry": {
        "type": "Polygon",
        "coordinates": [
          [
            [
              -0.013991196550485087,
              0.0026275601868487246
            ],
            [
              -0.013676787639238233,
              0.0026275601868487246
            ],
            [
              -0.013676787639238233,
              0.0029419690980955803
            ],
            [
              -0.013991196550485087,
              0.0029419690980955803
            ],
            [
              -0.013991196550485087,
              0.0026275601868487246
            ]
          ]
        ]
      }
    },
    {
      "type": "Feature",
      "properties": {
        "id": "BLD-051",
        "building_id": "BLD-051",
        "name": "OLD TOWN block",
        "type": "OLD TOWN block",
        "height": 28.621,
        "min_height": 0.0,
        "district": "OLD TOWN",
        "landmark": false,
        "local_x_m": -1540.0,
        "local_z_m": 510.0,
        "width_m": 35.0,
        "depth_m": 35.0,
        "base_elevation_m": 5.0,
        "planner_color": "#c9916f"
      },
      "geometry": {
        "type": "Polygon",
        "coordinates": [
          [
            [
              -0.013991196550485087,
              0.004424182536830758
            ],
            [
              -0.013676787639238233,
              0.004424182536830758
            ],
            [
              -0.013676787639238233,
              0.004738591448077614
            ],
            [
              -0.013991196550485087,
              0.004738591448077614
            ],
            [
              -0.013991196550485087,
              0.004424182536830758
            ]
          ]
        ]
      }
    },
    {
      "type": "Feature",
      "properties": {
        "id": "BLD-052",
        "building_id": "BLD-052",
        "name": "OLD TOWN block",
        "type": "OLD TOWN block",
        "height": 26.198,
        "min_height": 0.0,
        "district": "OLD TOWN",
        "landmark": false,
        "local_x_m": -1540.0,
        "local_z_m": 710.0,
        "width_m": 35.0,
        "depth_m": 35.0,
        "base_elevation_m": 5.0,
        "planner_color": "#c9916f"
      },
      "geometry": {
        "type": "Polygon",
        "coordinates": [
          [
            [
              -0.013991196550485087,
              0.0062208048868127915
            ],
            [
              -0.013676787639238233,
              0.0062208048868127915
            ],
            [
              -0.013676787639238233,
              0.006535213798059648
            ],
            [
              -0.013991196550485087,
              0.006535213798059648
            ],
            [
              -0.013991196550485087,
              0.0062208048868127915
            ]
          ]
        ]
      }
    },
    {
      "type": "Feature",
      "properties": {
        "id": "BLD-053",
        "building_id": "BLD-053",
        "name": "OLD TOWN block",
        "type": "OLD TOWN block",
        "height": 18.15,
        "min_height": 0.0,
        "district": "OLD TOWN",
        "landmark": false,
        "local_x_m": -1540.0,
        "local_z_m": 910.0,
        "width_m": 35.0,
        "depth_m": 35.0,
        "base_elevation_m": 5.0,
        "planner_color": "#c9916f"
      },
      "geometry": {
        "type": "Polygon",
        "coordinates": [
          [
            [
              -0.013991196550485087,
              0.008017427236794826
            ],
            [
              -0.013676787639238233,
              0.008017427236794826
            ],
            [
              -0.013676787639238233,
              0.008331836148041682
            ],
            [
              -0.013991196550485087,
              0.008331836148041682
            ],
            [
              -0.013991196550485087,
              0.008017427236794826
            ]
          ]
        ]
      }
    },
    {
      "type": "Feature",
      "properties": {
        "id": "BLD-054",
        "building_id": "BLD-054",
        "name": "OLD TOWN block",
        "type": "OLD TOWN block",
        "height": 23.234,
        "min_height": 0.0,
        "district": "OLD TOWN",
        "landmark": false,
        "local_x_m": -1440.0,
        "local_z_m": 310.0,
        "width_m": 35.0,
        "depth_m": 35.0,
        "base_elevation_m": 5.0,
        "planner_color": "#c9916f"
      },
      "geometry": {
        "type": "Polygon",
        "coordinates": [
          [
            [
              -0.013092885375494072,
              0.0026275601868487246
            ],
            [
              -0.012778476464247216,
              0.0026275601868487246
            ],
            [
              -0.012778476464247216,
              0.0029419690980955803
            ],
            [
              -0.013092885375494072,
              0.0029419690980955803
            ],
            [
              -0.013092885375494072,
              0.0026275601868487246
            ]
          ]
        ]
      }
    },
    {
      "type": "Feature",
      "properties": {
        "id": "BLD-055",
        "building_id": "BLD-055",
        "name": "OLD TOWN block",
        "type": "OLD TOWN block",
        "height": 22.575,
        "min_height": 0.0,
        "district": "OLD TOWN",
        "landmark": false,
        "local_x_m": -1440.0,
        "local_z_m": 510.0,
        "width_m": 35.0,
        "depth_m": 35.0,
        "base_elevation_m": 5.0,
        "planner_color": "#c9916f"
      },
      "geometry": {
        "type": "Polygon",
        "coordinates": [
          [
            [
              -0.013092885375494072,
              0.004424182536830758
            ],
            [
              -0.012778476464247216,
              0.004424182536830758
            ],
            [
              -0.012778476464247216,
              0.004738591448077614
            ],
            [
              -0.013092885375494072,
              0.004738591448077614
            ],
            [
              -0.013092885375494072,
              0.004424182536830758
            ]
          ]
        ]
      }
    },
    {
      "type": "Feature",
      "properties": {
        "id": "BLD-056",
        "building_id": "BLD-056",
        "name": "OLD TOWN block",
        "type": "OLD TOWN block",
        "height": 28.986,
        "min_height": 0.0,
        "district": "OLD TOWN",
        "landmark": false,
        "local_x_m": -1440.0,
        "local_z_m": 710.0,
        "width_m": 35.0,
        "depth_m": 35.0,
        "base_elevation_m": 5.0,
        "planner_color": "#c9916f"
      },
      "geometry": {
        "type": "Polygon",
        "coordinates": [
          [
            [
              -0.013092885375494072,
              0.0062208048868127915
            ],
            [
              -0.012778476464247216,
              0.0062208048868127915
            ],
            [
              -0.012778476464247216,
              0.006535213798059648
            ],
            [
              -0.013092885375494072,
              0.006535213798059648
            ],
            [
              -0.013092885375494072,
              0.0062208048868127915
            ]
          ]
        ]
      }
    },
    {
      "type": "Feature",
      "properties": {
        "id": "BLD-057",
        "building_id": "BLD-057",
        "name": "OLD TOWN block",
        "type": "OLD TOWN block",
        "height": 24.925,
        "min_height": 0.0,
        "district": "OLD TOWN",
        "landmark": false,
        "local_x_m": -1440.0,
        "local_z_m": 910.0,
        "width_m": 35.0,
        "depth_m": 35.0,
        "base_elevation_m": 5.0,
        "planner_color": "#c9916f"
      },
      "geometry": {
        "type": "Polygon",
        "coordinates": [
          [
            [
              -0.013092885375494072,
              0.008017427236794826
            ],
            [
              -0.012778476464247216,
              0.008017427236794826
            ],
            [
              -0.012778476464247216,
              0.008331836148041682
            ],
            [
              -0.013092885375494072,
              0.008331836148041682
            ],
            [
              -0.013092885375494072,
              0.008017427236794826
            ]
          ]
        ]
      }
    },
    {
      "type": "Feature",
      "properties": {
        "id": "BLD-058",
        "building_id": "BLD-058",
        "name": "OLD TOWN block",
        "type": "OLD TOWN block",
        "height": 13.616,
        "min_height": 0.0,
        "district": "OLD TOWN",
        "landmark": false,
        "local_x_m": -1340.0,
        "local_z_m": 310.0,
        "width_m": 35.0,
        "depth_m": 35.0,
        "base_elevation_m": 5.0,
        "planner_color": "#c9916f"
      },
      "geometry": {
        "type": "Polygon",
        "coordinates": [
          [
            [
              -0.012194574200503055,
              0.0026275601868487246
            ],
            [
              -0.011880165289256199,
              0.0026275601868487246
            ],
            [
              -0.011880165289256199,
              0.0029419690980955803
            ],
            [
              -0.012194574200503055,
              0.0029419690980955803
            ],
            [
              -0.012194574200503055,
              0.0026275601868487246
            ]
          ]
        ]
      }
    },
    {
      "type": "Feature",
      "properties": {
        "id": "BLD-059",
        "building_id": "BLD-059",
        "name": "OLD TOWN block",
        "type": "OLD TOWN block",
        "height": 30.909,
        "min_height": 0.0,
        "district": "OLD TOWN",
        "landmark": false,
        "local_x_m": -1340.0,
        "local_z_m": 510.0,
        "width_m": 35.0,
        "depth_m": 35.0,
        "base_elevation_m": 5.0,
        "planner_color": "#c9916f"
      },
      "geometry": {
        "type": "Polygon",
        "coordinates": [
          [
            [
              -0.012194574200503055,
              0.004424182536830758
            ],
            [
              -0.011880165289256199,
              0.004424182536830758
            ],
            [
              -0.011880165289256199,
              0.004738591448077614
            ],
            [
              -0.012194574200503055,
              0.004738591448077614
            ],
            [
              -0.012194574200503055,
              0.004424182536830758
            ]
          ]
        ]
      }
    },
    {
      "type": "Feature",
      "properties": {
        "id": "BLD-060",
        "building_id": "BLD-060",
        "name": "OLD TOWN block",
        "type": "OLD TOWN block",
        "height": 33.484,
        "min_height": 0.0,
        "district": "OLD TOWN",
        "landmark": false,
        "local_x_m": -1340.0,
        "local_z_m": 910.0,
        "width_m": 35.0,
        "depth_m": 35.0,
        "base_elevation_m": 5.0,
        "planner_color": "#c9916f"
      },
      "geometry": {
        "type": "Polygon",
        "coordinates": [
          [
            [
              -0.012194574200503055,
              0.008017427236794826
            ],
            [
              -0.011880165289256199,
              0.008017427236794826
            ],
            [
              -0.011880165289256199,
              0.008331836148041682
            ],
            [
              -0.012194574200503055,
              0.008331836148041682
            ],
            [
              -0.012194574200503055,
              0.008017427236794826
            ]
          ]
        ]
      }
    },
    {
      "type": "Feature",
      "properties": {
        "id": "BLD-061",
        "building_id": "BLD-061",
        "name": "OLD TOWN block",
        "type": "OLD TOWN block",
        "height": 33.219,
        "min_height": 0.0,
        "district": "OLD TOWN",
        "landmark": false,
        "local_x_m": -1240.0,
        "local_z_m": 310.0,
        "width_m": 35.0,
        "depth_m": 35.0,
        "base_elevation_m": 5.0,
        "planner_color": "#c9916f"
      },
      "geometry": {
        "type": "Polygon",
        "coordinates": [
          [
            [
              -0.011296263025512038,
              0.0026275601868487246
            ],
            [
              -0.010981854114265182,
              0.0026275601868487246
            ],
            [
              -0.010981854114265182,
              0.0029419690980955803
            ],
            [
              -0.011296263025512038,
              0.0029419690980955803
            ],
            [
              -0.011296263025512038,
              0.0026275601868487246
            ]
          ]
        ]
      }
    },
    {
      "type": "Feature",
      "properties": {
        "id": "BLD-062",
        "building_id": "BLD-062",
        "name": "OLD TOWN block",
        "type": "OLD TOWN block",
        "height": 26.767,
        "min_height": 0.0,
        "district": "OLD TOWN",
        "landmark": false,
        "local_x_m": -1240.0,
        "local_z_m": 510.0,
        "width_m": 35.0,
        "depth_m": 35.0,
        "base_elevation_m": 5.0,
        "planner_color": "#c9916f"
      },
      "geometry": {
        "type": "Polygon",
        "coordinates": [
          [
            [
              -0.011296263025512038,
              0.004424182536830758
            ],
            [
              -0.010981854114265182,
              0.004424182536830758
            ],
            [
              -0.010981854114265182,
              0.004738591448077614
            ],
            [
              -0.011296263025512038,
              0.004738591448077614
            ],
            [
              -0.011296263025512038,
              0.004424182536830758
            ]
          ]
        ]
      }
    },
    {
      "type": "Feature",
      "properties": {
        "id": "BLD-063",
        "building_id": "BLD-063",
        "name": "OLD TOWN block",
        "type": "OLD TOWN block",
        "height": 21.578,
        "min_height": 0.0,
        "district": "OLD TOWN",
        "landmark": false,
        "local_x_m": -1240.0,
        "local_z_m": 910.0,
        "width_m": 35.0,
        "depth_m": 35.0,
        "base_elevation_m": 5.0,
        "planner_color": "#c9916f"
      },
      "geometry": {
        "type": "Polygon",
        "coordinates": [
          [
            [
              -0.011296263025512038,
              0.008017427236794826
            ],
            [
              -0.010981854114265182,
              0.008017427236794826
            ],
            [
              -0.010981854114265182,
              0.008331836148041682
            ],
            [
              -0.011296263025512038,
              0.008331836148041682
            ],
            [
              -0.011296263025512038,
              0.008017427236794826
            ]
          ]
        ]
      }
    },
    {
      "type": "Feature",
      "properties": {
        "id": "BLD-064",
        "building_id": "BLD-064",
        "name": "OLD TOWN block",
        "type": "OLD TOWN block",
        "height": 23.148,
        "min_height": 0.0,
        "district": "OLD TOWN",
        "landmark": false,
        "local_x_m": -1140.0,
        "local_z_m": 310.0,
        "width_m": 35.0,
        "depth_m": 35.0,
        "base_elevation_m": 5.0,
        "planner_color": "#c9916f"
      },
      "geometry": {
        "type": "Polygon",
        "coordinates": [
          [
            [
              -0.01039795185052102,
              0.0026275601868487246
            ],
            [
              -0.010083542939274165,
              0.0026275601868487246
            ],
            [
              -0.010083542939274165,
              0.0029419690980955803
            ],
            [
              -0.01039795185052102,
              0.0029419690980955803
            ],
            [
              -0.01039795185052102,
              0.0026275601868487246
            ]
          ]
        ]
      }
    },
    {
      "type": "Feature",
      "properties": {
        "id": "BLD-065",
        "building_id": "BLD-065",
        "name": "OLD TOWN block",
        "type": "OLD TOWN block",
        "height": 24.974,
        "min_height": 0.0,
        "district": "OLD TOWN",
        "landmark": false,
        "local_x_m": -1140.0,
        "local_z_m": 510.0,
        "width_m": 35.0,
        "depth_m": 35.0,
        "base_elevation_m": 5.0,
        "planner_color": "#c9916f"
      },
      "geometry": {
        "type": "Polygon",
        "coordinates": [
          [
            [
              -0.01039795185052102,
              0.004424182536830758
            ],
            [
              -0.010083542939274165,
              0.004424182536830758
            ],
            [
              -0.010083542939274165,
              0.004738591448077614
            ],
            [
              -0.01039795185052102,
              0.004738591448077614
            ],
            [
              -0.01039795185052102,
              0.004424182536830758
            ]
          ]
        ]
      }
    },
    {
      "type": "Feature",
      "properties": {
        "id": "BLD-066",
        "building_id": "BLD-066",
        "name": "OLD TOWN block",
        "type": "OLD TOWN block",
        "height": 20.24,
        "min_height": 0.0,
        "district": "OLD TOWN",
        "landmark": false,
        "local_x_m": -1140.0,
        "local_z_m": 710.0,
        "width_m": 35.0,
        "depth_m": 35.0,
        "base_elevation_m": 5.0,
        "planner_color": "#c9916f"
      },
      "geometry": {
        "type": "Polygon",
        "coordinates": [
          [
            [
              -0.01039795185052102,
              0.0062208048868127915
            ],
            [
              -0.010083542939274165,
              0.0062208048868127915
            ],
            [
              -0.010083542939274165,
              0.006535213798059648
            ],
            [
              -0.01039795185052102,
              0.006535213798059648
            ],
            [
              -0.01039795185052102,
              0.0062208048868127915
            ]
          ]
        ]
      }
    },
    {
      "type": "Feature",
      "properties": {
        "id": "BLD-067",
        "building_id": "BLD-067",
        "name": "OLD TOWN block",
        "type": "OLD TOWN block",
        "height": 13.897,
        "min_height": 0.0,
        "district": "OLD TOWN",
        "landmark": false,
        "local_x_m": -1140.0,
        "local_z_m": 910.0,
        "width_m": 35.0,
        "depth_m": 35.0,
        "base_elevation_m": 5.0,
        "planner_color": "#c9916f"
      },
      "geometry": {
        "type": "Polygon",
        "coordinates": [
          [
            [
              -0.01039795185052102,
              0.008017427236794826
            ],
            [
              -0.010083542939274165,
              0.008017427236794826
            ],
            [
              -0.010083542939274165,
              0.008331836148041682
            ],
            [
              -0.01039795185052102,
              0.008331836148041682
            ],
            [
              -0.01039795185052102,
              0.008017427236794826
            ]
          ]
        ]
      }
    },
    {
      "type": "Feature",
      "properties": {
        "id": "BLD-068",
        "building_id": "BLD-068",
        "name": "OLD TOWN block",
        "type": "OLD TOWN block",
        "height": 14.722,
        "min_height": 0.0,
        "district": "OLD TOWN",
        "landmark": false,
        "local_x_m": -1040.0,
        "local_z_m": 310.0,
        "width_m": 35.0,
        "depth_m": 35.0,
        "base_elevation_m": 5.0,
        "planner_color": "#c9916f"
      },
      "geometry": {
        "type": "Polygon",
        "coordinates": [
          [
            [
              -0.009499640675530004,
              0.0026275601868487246
            ],
            [
              -0.009185231764283147,
              0.0026275601868487246
            ],
            [
              -0.009185231764283147,
              0.0029419690980955803
            ],
            [
              -0.009499640675530004,
              0.0029419690980955803
            ],
            [
              -0.009499640675530004,
              0.0026275601868487246
            ]
          ]
        ]
      }
    },
    {
      "type": "Feature",
      "properties": {
        "id": "BLD-069",
        "building_id": "BLD-069",
        "name": "OLD TOWN block",
        "type": "OLD TOWN block",
        "height": 29.805,
        "min_height": 0.0,
        "district": "OLD TOWN",
        "landmark": false,
        "local_x_m": -1040.0,
        "local_z_m": 510.0,
        "width_m": 35.0,
        "depth_m": 35.0,
        "base_elevation_m": 5.0,
        "planner_color": "#c9916f"
      },
      "geometry": {
        "type": "Polygon",
        "coordinates": [
          [
            [
              -0.009499640675530004,
              0.004424182536830758
            ],
            [
              -0.009185231764283147,
              0.004424182536830758
            ],
            [
              -0.009185231764283147,
              0.004738591448077614
            ],
            [
              -0.009499640675530004,
              0.004738591448077614
            ],
            [
              -0.009499640675530004,
              0.004424182536830758
            ]
          ]
        ]
      }
    },
    {
      "type": "Feature",
      "properties": {
        "id": "BLD-070",
        "building_id": "BLD-070",
        "name": "OLD TOWN block",
        "type": "OLD TOWN block",
        "height": 19.652,
        "min_height": 0.0,
        "district": "OLD TOWN",
        "landmark": false,
        "local_x_m": -1040.0,
        "local_z_m": 710.0,
        "width_m": 35.0,
        "depth_m": 35.0,
        "base_elevation_m": 5.0,
        "planner_color": "#c9916f"
      },
      "geometry": {
        "type": "Polygon",
        "coordinates": [
          [
            [
              -0.009499640675530004,
              0.0062208048868127915
            ],
            [
              -0.009185231764283147,
              0.0062208048868127915
            ],
            [
              -0.009185231764283147,
              0.006535213798059648
            ],
            [
              -0.009499640675530004,
              0.006535213798059648
            ],
            [
              -0.009499640675530004,
              0.0062208048868127915
            ]
          ]
        ]
      }
    },
    {
      "type": "Feature",
      "properties": {
        "id": "BLD-071",
        "building_id": "BLD-071",
        "name": "OLD TOWN block",
        "type": "OLD TOWN block",
        "height": 29.1,
        "min_height": 0.0,
        "district": "OLD TOWN",
        "landmark": false,
        "local_x_m": -1040.0,
        "local_z_m": 910.0,
        "width_m": 35.0,
        "depth_m": 35.0,
        "base_elevation_m": 5.0,
        "planner_color": "#c9916f"
      },
      "geometry": {
        "type": "Polygon",
        "coordinates": [
          [
            [
              -0.009499640675530004,
              0.008017427236794826
            ],
            [
              -0.009185231764283147,
              0.008017427236794826
            ],
            [
              -0.009185231764283147,
              0.008331836148041682
            ],
            [
              -0.009499640675530004,
              0.008331836148041682
            ],
            [
              -0.009499640675530004,
              0.008017427236794826
            ]
          ]
        ]
      }
    },
    {
      "type": "Feature",
      "properties": {
        "id": "BLD-072",
        "building_id": "BLD-072",
        "name": "OLD TOWN block",
        "type": "OLD TOWN block",
        "height": 28.941,
        "min_height": 0.0,
        "district": "OLD TOWN",
        "landmark": false,
        "local_x_m": -940.0,
        "local_z_m": 310.0,
        "width_m": 35.0,
        "depth_m": 35.0,
        "base_elevation_m": 5.0,
        "planner_color": "#c9916f"
      },
      "geometry": {
        "type": "Polygon",
        "coordinates": [
          [
            [
              -0.008601329500538987,
              0.0026275601868487246
            ],
            [
              -0.00828692058929213,
              0.0026275601868487246
            ],
            [
              -0.00828692058929213,
              0.0029419690980955803
            ],
            [
              -0.008601329500538987,
              0.0029419690980955803
            ],
            [
              -0.008601329500538987,
              0.0026275601868487246
            ]
          ]
        ]
      }
    },
    {
      "type": "Feature",
      "properties": {
        "id": "BLD-073",
        "building_id": "BLD-073",
        "name": "OLD TOWN block",
        "type": "OLD TOWN block",
        "height": 14.264,
        "min_height": 0.0,
        "district": "OLD TOWN",
        "landmark": false,
        "local_x_m": -940.0,
        "local_z_m": 510.0,
        "width_m": 35.0,
        "depth_m": 35.0,
        "base_elevation_m": 5.0,
        "planner_color": "#c9916f"
      },
      "geometry": {
        "type": "Polygon",
        "coordinates": [
          [
            [
              -0.008601329500538987,
              0.004424182536830758
            ],
            [
              -0.00828692058929213,
              0.004424182536830758
            ],
            [
              -0.00828692058929213,
              0.004738591448077614
            ],
            [
              -0.008601329500538987,
              0.004738591448077614
            ],
            [
              -0.008601329500538987,
              0.004424182536830758
            ]
          ]
        ]
      }
    },
    {
      "type": "Feature",
      "properties": {
        "id": "BLD-074",
        "building_id": "BLD-074",
        "name": "OLD TOWN block",
        "type": "OLD TOWN block",
        "height": 19.713,
        "min_height": 0.0,
        "district": "OLD TOWN",
        "landmark": false,
        "local_x_m": -940.0,
        "local_z_m": 710.0,
        "width_m": 35.0,
        "depth_m": 35.0,
        "base_elevation_m": 5.0,
        "planner_color": "#c9916f"
      },
      "geometry": {
        "type": "Polygon",
        "coordinates": [
          [
            [
              -0.008601329500538987,
              0.0062208048868127915
            ],
            [
              -0.00828692058929213,
              0.0062208048868127915
            ],
            [
              -0.00828692058929213,
              0.006535213798059648
            ],
            [
              -0.008601329500538987,
              0.006535213798059648
            ],
            [
              -0.008601329500538987,
              0.0062208048868127915
            ]
          ]
        ]
      }
    },
    {
      "type": "Feature",
      "properties": {
        "id": "BLD-075",
        "building_id": "BLD-075",
        "name": "OLD TOWN block",
        "type": "OLD TOWN block",
        "height": 20.792,
        "min_height": 0.0,
        "district": "OLD TOWN",
        "landmark": false,
        "local_x_m": -940.0,
        "local_z_m": 910.0,
        "width_m": 35.0,
        "depth_m": 35.0,
        "base_elevation_m": 5.0,
        "planner_color": "#c9916f"
      },
      "geometry": {
        "type": "Polygon",
        "coordinates": [
          [
            [
              -0.008601329500538987,
              0.008017427236794826
            ],
            [
              -0.00828692058929213,
              0.008017427236794826
            ],
            [
              -0.00828692058929213,
              0.008331836148041682
            ],
            [
              -0.008601329500538987,
              0.008331836148041682
            ],
            [
              -0.008601329500538987,
              0.008017427236794826
            ]
          ]
        ]
      }
    },
    {
      "type": "Feature",
      "properties": {
        "id": "BLD-076",
        "building_id": "BLD-076",
        "name": "OLD TOWN block",
        "type": "OLD TOWN block",
        "height": 24.204,
        "min_height": 0.0,
        "district": "OLD TOWN",
        "landmark": false,
        "local_x_m": -840.0,
        "local_z_m": 310.0,
        "width_m": 35.0,
        "depth_m": 35.0,
        "base_elevation_m": 5.0,
        "planner_color": "#c9916f"
      },
      "geometry": {
        "type": "Polygon",
        "coordinates": [
          [
            [
              -0.0077030183255479695,
              0.0026275601868487246
            ],
            [
              -0.007388609414301114,
              0.0026275601868487246
            ],
            [
              -0.007388609414301114,
              0.0029419690980955803
            ],
            [
              -0.0077030183255479695,
              0.0029419690980955803
            ],
            [
              -0.0077030183255479695,
              0.0026275601868487246
            ]
          ]
        ]
      }
    },
    {
      "type": "Feature",
      "properties": {
        "id": "BLD-077",
        "building_id": "BLD-077",
        "name": "OLD TOWN block",
        "type": "OLD TOWN block",
        "height": 17.141,
        "min_height": 0.0,
        "district": "OLD TOWN",
        "landmark": false,
        "local_x_m": -840.0,
        "local_z_m": 510.0,
        "width_m": 35.0,
        "depth_m": 35.0,
        "base_elevation_m": 5.0,
        "planner_color": "#c9916f"
      },
      "geometry": {
        "type": "Polygon",
        "coordinates": [
          [
            [
              -0.0077030183255479695,
              0.004424182536830758
            ],
            [
              -0.007388609414301114,
              0.004424182536830758
            ],
            [
              -0.007388609414301114,
              0.004738591448077614
            ],
            [
              -0.0077030183255479695,
              0.004738591448077614
            ],
            [
              -0.0077030183255479695,
              0.004424182536830758
            ]
          ]
        ]
      }
    },
    {
      "type": "Feature",
      "properties": {
        "id": "BLD-078",
        "building_id": "BLD-078",
        "name": "OLD TOWN block",
        "type": "OLD TOWN block",
        "height": 15.778,
        "min_height": 0.0,
        "district": "OLD TOWN",
        "landmark": false,
        "local_x_m": -840.0,
        "local_z_m": 710.0,
        "width_m": 35.0,
        "depth_m": 35.0,
        "base_elevation_m": 5.0,
        "planner_color": "#c9916f"
      },
      "geometry": {
        "type": "Polygon",
        "coordinates": [
          [
            [
              -0.0077030183255479695,
              0.0062208048868127915
            ],
            [
              -0.007388609414301114,
              0.0062208048868127915
            ],
            [
              -0.007388609414301114,
              0.006535213798059648
            ],
            [
              -0.0077030183255479695,
              0.006535213798059648
            ],
            [
              -0.0077030183255479695,
              0.0062208048868127915
            ]
          ]
        ]
      }
    },
    {
      "type": "Feature",
      "properties": {
        "id": "BLD-079",
        "building_id": "BLD-079",
        "name": "OLD TOWN block",
        "type": "OLD TOWN block",
        "height": 14.598,
        "min_height": 0.0,
        "district": "OLD TOWN",
        "landmark": false,
        "local_x_m": -840.0,
        "local_z_m": 910.0,
        "width_m": 35.0,
        "depth_m": 35.0,
        "base_elevation_m": 5.0,
        "planner_color": "#c9916f"
      },
      "geometry": {
        "type": "Polygon",
        "coordinates": [
          [
            [
              -0.0077030183255479695,
              0.008017427236794826
            ],
            [
              -0.007388609414301114,
              0.008017427236794826
            ],
            [
              -0.007388609414301114,
              0.008331836148041682
            ],
            [
              -0.0077030183255479695,
              0.008331836148041682
            ],
            [
              -0.0077030183255479695,
              0.008017427236794826
            ]
          ]
        ]
      }
    },
    {
      "type": "Feature",
      "properties": {
        "id": "BLD-080",
        "building_id": "BLD-080",
        "name": "DOWNTOWN block",
        "type": "DOWNTOWN block",
        "height": 39.0,
        "min_height": 0.0,
        "district": "DOWNTOWN",
        "landmark": false,
        "local_x_m": -540.0,
        "local_z_m": -40.0,
        "width_m": 42.0,
        "depth_m": 35.0,
        "base_elevation_m": 5.0,
        "planner_color": "#7bacc8"
      },
      "geometry": {
        "type": "Polygon",
        "coordinates": [
          [
            [
              -0.005039525691699605,
              -0.0005165289256198347
            ],
            [
              -0.004662234998203378,
              -0.0005165289256198347
            ],
            [
              -0.004662234998203378,
              -0.0002021200143729788
            ],
            [
              -0.005039525691699605,
              -0.0002021200143729788
            ],
            [
              -0.005039525691699605,
              -0.0005165289256198347
            ]
          ]
        ]
      }
    },
    {
      "type": "Feature",
      "properties": {
        "id": "BLD-081",
        "building_id": "BLD-081",
        "name": "DOWNTOWN block",
        "type": "DOWNTOWN block",
        "height": 36.0,
        "min_height": 0.0,
        "district": "DOWNTOWN",
        "landmark": false,
        "local_x_m": -540.0,
        "local_z_m": 560.0,
        "width_m": 42.0,
        "depth_m": 35.0,
        "base_elevation_m": 5.0,
        "planner_color": "#7bacc8"
      },
      "geometry": {
        "type": "Polygon",
        "coordinates": [
          [
            [
              -0.005039525691699605,
              0.004873338124326267
            ],
            [
              -0.004662234998203378,
              0.004873338124326267
            ],
            [
              -0.004662234998203378,
              0.005187747035573123
            ],
            [
              -0.005039525691699605,
              0.005187747035573123
            ],
            [
              -0.005039525691699605,
              0.004873338124326267
            ]
          ]
        ]
      }
    },
    {
      "type": "Feature",
      "properties": {
        "id": "BLD-082",
        "building_id": "BLD-082",
        "name": "DOWNTOWN block",
        "type": "DOWNTOWN block",
        "height": 134.0,
        "min_height": 0.0,
        "district": "DOWNTOWN",
        "landmark": false,
        "local_x_m": -440.0,
        "local_z_m": -40.0,
        "width_m": 42.0,
        "depth_m": 35.0,
        "base_elevation_m": 5.0,
        "planner_color": "#7bacc8"
      },
      "geometry": {
        "type": "Polygon",
        "coordinates": [
          [
            [
              -0.004141214516708588,
              -0.0005165289256198347
            ],
            [
              -0.003763923823212361,
              -0.0005165289256198347
            ],
            [
              -0.003763923823212361,
              -0.0002021200143729788
            ],
            [
              -0.004141214516708588,
              -0.0002021200143729788
            ],
            [
              -0.004141214516708588,
              -0.0005165289256198347
            ]
          ]
        ]
      }
    },
    {
      "type": "Feature",
      "properties": {
        "id": "BLD-083",
        "building_id": "BLD-083",
        "name": "DOWNTOWN block",
        "type": "DOWNTOWN block",
        "height": 90.0,
        "min_height": 0.0,
        "district": "DOWNTOWN",
        "landmark": false,
        "local_x_m": -440.0,
        "local_z_m": 260.0,
        "width_m": 42.0,
        "depth_m": 35.0,
        "base_elevation_m": 5.0,
        "planner_color": "#7bacc8"
      },
      "geometry": {
        "type": "Polygon",
        "coordinates": [
          [
            [
              -0.004141214516708588,
              0.002178404599353216
            ],
            [
              -0.003763923823212361,
              0.002178404599353216
            ],
            [
              -0.003763923823212361,
              0.0024928135106000717
            ],
            [
              -0.004141214516708588,
              0.0024928135106000717
            ],
            [
              -0.004141214516708588,
              0.002178404599353216
            ]
          ]
        ]
      }
    },
    {
      "type": "Feature",
      "properties": {
        "id": "BLD-084",
        "building_id": "BLD-084",
        "name": "DOWNTOWN block",
        "type": "DOWNTOWN block",
        "height": 42.0,
        "min_height": 0.0,
        "district": "DOWNTOWN",
        "landmark": false,
        "local_x_m": -440.0,
        "local_z_m": 460.0,
        "width_m": 42.0,
        "depth_m": 35.0,
        "base_elevation_m": 5.0,
        "planner_color": "#7bacc8"
      },
      "geometry": {
        "type": "Polygon",
        "coordinates": [
          [
            [
              -0.004141214516708588,
              0.00397502694933525
            ],
            [
              -0.003763923823212361,
              0.00397502694933525
            ],
            [
              -0.003763923823212361,
              0.004289435860582106
            ],
            [
              -0.004141214516708588,
              0.004289435860582106
            ],
            [
              -0.004141214516708588,
              0.00397502694933525
            ]
          ]
        ]
      }
    },
    {
      "type": "Feature",
      "properties": {
        "id": "BLD-085",
        "building_id": "BLD-085",
        "name": "DOWNTOWN block",
        "type": "DOWNTOWN block",
        "height": 83.0,
        "min_height": 0.0,
        "district": "DOWNTOWN",
        "landmark": false,
        "local_x_m": -440.0,
        "local_z_m": 560.0,
        "width_m": 42.0,
        "depth_m": 35.0,
        "base_elevation_m": 5.0,
        "planner_color": "#7bacc8"
      },
      "geometry": {
        "type": "Polygon",
        "coordinates": [
          [
            [
              -0.004141214516708588,
              0.004873338124326267
            ],
            [
              -0.003763923823212361,
              0.004873338124326267
            ],
            [
              -0.003763923823212361,
              0.005187747035573123
            ],
            [
              -0.004141214516708588,
              0.005187747035573123
            ],
            [
              -0.004141214516708588,
              0.004873338124326267
            ]
          ]
        ]
      }
    },
    {
      "type": "Feature",
      "properties": {
        "id": "BLD-086",
        "building_id": "BLD-086",
        "name": "DOWNTOWN block",
        "type": "DOWNTOWN block",
        "height": 82.0,
        "min_height": 0.0,
        "district": "DOWNTOWN",
        "landmark": false,
        "local_x_m": -340.0,
        "local_z_m": -40.0,
        "width_m": 42.0,
        "depth_m": 35.0,
        "base_elevation_m": 5.0,
        "planner_color": "#7bacc8"
      },
      "geometry": {
        "type": "Polygon",
        "coordinates": [
          [
            [
              -0.003242903341717571,
              -0.0005165289256198347
            ],
            [
              -0.002865612648221344,
              -0.0005165289256198347
            ],
            [
              -0.002865612648221344,
              -0.0002021200143729788
            ],
            [
              -0.003242903341717571,
              -0.0002021200143729788
            ],
            [
              -0.003242903341717571,
              -0.0005165289256198347
            ]
          ]
        ]
      }
    },
    {
      "type": "Feature",
      "properties": {
        "id": "BLD-087",
        "building_id": "BLD-087",
        "name": "DOWNTOWN block",
        "type": "DOWNTOWN block",
        "height": 110.0,
        "min_height": 0.0,
        "district": "DOWNTOWN",
        "landmark": false,
        "local_x_m": -340.0,
        "local_z_m": 160.0,
        "width_m": 42.0,
        "depth_m": 35.0,
        "base_elevation_m": 5.0,
        "planner_color": "#7bacc8"
      },
      "geometry": {
        "type": "Polygon",
        "coordinates": [
          [
            [
              -0.003242903341717571,
              0.001280093424362199
            ],
            [
              -0.002865612648221344,
              0.001280093424362199
            ],
            [
              -0.002865612648221344,
              0.001594502335609055
            ],
            [
              -0.003242903341717571,
              0.001594502335609055
            ],
            [
              -0.003242903341717571,
              0.001280093424362199
            ]
          ]
        ]
      }
    },
    {
      "type": "Feature",
      "properties": {
        "id": "BLD-088",
        "building_id": "BLD-088",
        "name": "DOWNTOWN block",
        "type": "DOWNTOWN block",
        "height": 42.0,
        "min_height": 0.0,
        "district": "DOWNTOWN",
        "landmark": false,
        "local_x_m": -340.0,
        "local_z_m": 560.0,
        "width_m": 42.0,
        "depth_m": 35.0,
        "base_elevation_m": 5.0,
        "planner_color": "#7bacc8"
      },
      "geometry": {
        "type": "Polygon",
        "coordinates": [
          [
            [
              -0.003242903341717571,
              0.004873338124326267
            ],
            [
              -0.002865612648221344,
              0.004873338124326267
            ],
            [
              -0.002865612648221344,
              0.005187747035573123
            ],
            [
              -0.003242903341717571,
              0.005187747035573123
            ],
            [
              -0.003242903341717571,
              0.004873338124326267
            ]
          ]
        ]
      }
    },
    {
      "type": "Feature",
      "properties": {
        "id": "BLD-089",
        "building_id": "BLD-089",
        "name": "DOWNTOWN block",
        "type": "DOWNTOWN block",
        "height": 134.0,
        "min_height": 0.0,
        "district": "DOWNTOWN",
        "landmark": false,
        "local_x_m": -240.0,
        "local_z_m": -40.0,
        "width_m": 42.0,
        "depth_m": 35.0,
        "base_elevation_m": 5.0,
        "planner_color": "#7bacc8"
      },
      "geometry": {
        "type": "Polygon",
        "coordinates": [
          [
            [
              -0.002344592166726554,
              -0.0005165289256198347
            ],
            [
              -0.001967301473230327,
              -0.0005165289256198347
            ],
            [
              -0.001967301473230327,
              -0.0002021200143729788
            ],
            [
              -0.002344592166726554,
              -0.0002021200143729788
            ],
            [
              -0.002344592166726554,
              -0.0005165289256198347
            ]
          ]
        ]
      }
    },
    {
      "type": "Feature",
      "properties": {
        "id": "BLD-090",
        "building_id": "BLD-090",
        "name": "DOWNTOWN block",
        "type": "DOWNTOWN block",
        "height": 90.0,
        "min_height": 0.0,
        "district": "DOWNTOWN",
        "landmark": false,
        "local_x_m": -240.0,
        "local_z_m": 160.0,
        "width_m": 42.0,
        "depth_m": 35.0,
        "base_elevation_m": 5.0,
        "planner_color": "#7bacc8"
      },
      "geometry": {
        "type": "Polygon",
        "coordinates": [
          [
            [
              -0.002344592166726554,
              0.001280093424362199
            ],
            [
              -0.001967301473230327,
              0.001280093424362199
            ],
            [
              -0.001967301473230327,
              0.001594502335609055
            ],
            [
              -0.002344592166726554,
              0.001594502335609055
            ],
            [
              -0.002344592166726554,
              0.001280093424362199
            ]
          ]
        ]
      }
    },
    {
      "type": "Feature",
      "properties": {
        "id": "BLD-091",
        "building_id": "BLD-091",
        "name": "DOWNTOWN block",
        "type": "DOWNTOWN block",
        "height": 103.0,
        "min_height": 0.0,
        "district": "DOWNTOWN",
        "landmark": false,
        "local_x_m": -240.0,
        "local_z_m": 560.0,
        "width_m": 42.0,
        "depth_m": 35.0,
        "base_elevation_m": 5.0,
        "planner_color": "#7bacc8"
      },
      "geometry": {
        "type": "Polygon",
        "coordinates": [
          [
            [
              -0.002344592166726554,
              0.004873338124326267
            ],
            [
              -0.001967301473230327,
              0.004873338124326267
            ],
            [
              -0.001967301473230327,
              0.005187747035573123
            ],
            [
              -0.002344592166726554,
              0.005187747035573123
            ],
            [
              -0.002344592166726554,
              0.004873338124326267
            ]
          ]
        ]
      }
    },
    {
      "type": "Feature",
      "properties": {
        "id": "BLD-092",
        "building_id": "BLD-092",
        "name": "DOWNTOWN block",
        "type": "DOWNTOWN block",
        "height": 117.0,
        "min_height": 0.0,
        "district": "DOWNTOWN",
        "landmark": false,
        "local_x_m": -140.0,
        "local_z_m": -40.0,
        "width_m": 42.0,
        "depth_m": 35.0,
        "base_elevation_m": 5.0,
        "planner_color": "#7bacc8"
      },
      "geometry": {
        "type": "Polygon",
        "coordinates": [
          [
            [
              -0.001446280991735537,
              -0.0005165289256198347
            ],
            [
              -0.0010689902982393101,
              -0.0005165289256198347
            ],
            [
              -0.0010689902982393101,
              -0.0002021200143729788
            ],
            [
              -0.001446280991735537,
              -0.0002021200143729788
            ],
            [
              -0.001446280991735537,
              -0.0005165289256198347
            ]
          ]
        ]
      }
    },
    {
      "type": "Feature",
      "properties": {
        "id": "BLD-093",
        "building_id": "BLD-093",
        "name": "DOWNTOWN block",
        "type": "DOWNTOWN block",
        "height": 96.0,
        "min_height": 0.0,
        "district": "DOWNTOWN",
        "landmark": false,
        "local_x_m": -140.0,
        "local_z_m": 160.0,
        "width_m": 42.0,
        "depth_m": 35.0,
        "base_elevation_m": 5.0,
        "planner_color": "#7bacc8"
      },
      "geometry": {
        "type": "Polygon",
        "coordinates": [
          [
            [
              -0.001446280991735537,
              0.001280093424362199
            ],
            [
              -0.0010689902982393101,
              0.001280093424362199
            ],
            [
              -0.0010689902982393101,
              0.001594502335609055
            ],
            [
              -0.001446280991735537,
              0.001594502335609055
            ],
            [
              -0.001446280991735537,
              0.001280093424362199
            ]
          ]
        ]
      }
    },
    {
      "type": "Feature",
      "properties": {
        "id": "BLD-094",
        "building_id": "BLD-094",
        "name": "DOWNTOWN block",
        "type": "DOWNTOWN block",
        "height": 79.0,
        "min_height": 0.0,
        "district": "DOWNTOWN",
        "landmark": false,
        "local_x_m": -40.0,
        "local_z_m": -40.0,
        "width_m": 42.0,
        "depth_m": 35.0,
        "base_elevation_m": 5.0,
        "planner_color": "#7bacc8"
      },
      "geometry": {
        "type": "Polygon",
        "coordinates": [
          [
            [
              -0.0005479698167445203,
              -0.0005165289256198347
            ],
            [
              -0.00017067912324829321,
              -0.0005165289256198347
            ],
            [
              -0.00017067912324829321,
              -0.0002021200143729788
            ],
            [
              -0.0005479698167445203,
              -0.0002021200143729788
            ],
            [
              -0.0005479698167445203,
              -0.0005165289256198347
            ]
          ]
        ]
      }
    },
    {
      "type": "Feature",
      "properties": {
        "id": "BLD-095",
        "building_id": "BLD-095",
        "name": "DOWNTOWN block",
        "type": "DOWNTOWN block",
        "height": 46.0,
        "min_height": 0.0,
        "district": "DOWNTOWN",
        "landmark": false,
        "local_x_m": -40.0,
        "local_z_m": 160.0,
        "width_m": 42.0,
        "depth_m": 35.0,
        "base_elevation_m": 5.0,
        "planner_color": "#7bacc8"
      },
      "geometry": {
        "type": "Polygon",
        "coordinates": [
          [
            [
              -0.0005479698167445203,
              0.001280093424362199
            ],
            [
              -0.00017067912324829321,
              0.001280093424362199
            ],
            [
              -0.00017067912324829321,
              0.001594502335609055
            ],
            [
              -0.0005479698167445203,
              0.001594502335609055
            ],
            [
              -0.0005479698167445203,
              0.001280093424362199
            ]
          ]
        ]
      }
    },
    {
      "type": "Feature",
      "properties": {
        "id": "BLD-096",
        "building_id": "BLD-096",
        "name": "DOWNTOWN block",
        "type": "DOWNTOWN block",
        "height": 59.0,
        "min_height": 0.0,
        "district": "DOWNTOWN",
        "landmark": false,
        "local_x_m": 60.0,
        "local_z_m": -40.0,
        "width_m": 42.0,
        "depth_m": 35.0,
        "base_elevation_m": 5.0,
        "planner_color": "#7bacc8"
      },
      "geometry": {
        "type": "Polygon",
        "coordinates": [
          [
            [
              0.0003503413582464966,
              -0.0005165289256198347
            ],
            [
              0.0007276320517427237,
              -0.0005165289256198347
            ],
            [
              0.0007276320517427237,
              -0.0002021200143729788
            ],
            [
              0.0003503413582464966,
              -0.0002021200143729788
            ],
            [
              0.0003503413582464966,
              -0.0005165289256198347
            ]
          ]
        ]
      }
    },
    {
      "type": "Feature",
      "properties": {
        "id": "BLD-097",
        "building_id": "BLD-097",
        "name": "DOWNTOWN block",
        "type": "DOWNTOWN block",
        "height": 89.0,
        "min_height": 0.0,
        "district": "DOWNTOWN",
        "landmark": false,
        "local_x_m": 60.0,
        "local_z_m": 60.0,
        "width_m": 42.0,
        "depth_m": 35.0,
        "base_elevation_m": 5.0,
        "planner_color": "#7bacc8"
      },
      "geometry": {
        "type": "Polygon",
        "coordinates": [
          [
            [
              0.0003503413582464966,
              0.0003817822493711822
            ],
            [
              0.0007276320517427237,
              0.0003817822493711822
            ],
            [
              0.0007276320517427237,
              0.000696191160618038
            ],
            [
              0.0003503413582464966,
              0.000696191160618038
            ],
            [
              0.0003503413582464966,
              0.0003817822493711822
            ]
          ]
        ]
      }
    },
    {
      "type": "Feature",
      "properties": {
        "id": "BLD-098",
        "building_id": "BLD-098",
        "name": "DOWNTOWN block",
        "type": "DOWNTOWN block",
        "height": 108.0,
        "min_height": 0.0,
        "district": "DOWNTOWN",
        "landmark": false,
        "local_x_m": 60.0,
        "local_z_m": 160.0,
        "width_m": 42.0,
        "depth_m": 35.0,
        "base_elevation_m": 5.0,
        "planner_color": "#7bacc8"
      },
      "geometry": {
        "type": "Polygon",
        "coordinates": [
          [
            [
              0.0003503413582464966,
              0.001280093424362199
            ],
            [
              0.0007276320517427237,
              0.001280093424362199
            ],
            [
              0.0007276320517427237,
              0.001594502335609055
            ],
            [
              0.0003503413582464966,
              0.001594502335609055
            ],
            [
              0.0003503413582464966,
              0.001280093424362199
            ]
          ]
        ]
      }
    },
    {
      "type": "Feature",
      "properties": {
        "id": "BLD-099",
        "building_id": "BLD-099",
        "name": "DOWNTOWN block",
        "type": "DOWNTOWN block",
        "height": 55.0,
        "min_height": 0.0,
        "district": "DOWNTOWN",
        "landmark": false,
        "local_x_m": 60.0,
        "local_z_m": 260.0,
        "width_m": 42.0,
        "depth_m": 35.0,
        "base_elevation_m": 5.0,
        "planner_color": "#7bacc8"
      },
      "geometry": {
        "type": "Polygon",
        "coordinates": [
          [
            [
              0.0003503413582464966,
              0.002178404599353216
            ],
            [
              0.0007276320517427237,
              0.002178404599353216
            ],
            [
              0.0007276320517427237,
              0.0024928135106000717
            ],
            [
              0.0003503413582464966,
              0.0024928135106000717
            ],
            [
              0.0003503413582464966,
              0.002178404599353216
            ]
          ]
        ]
      }
    },
    {
      "type": "Feature",
      "properties": {
        "id": "BLD-100",
        "building_id": "BLD-100",
        "name": "DOWNTOWN block",
        "type": "DOWNTOWN block",
        "height": 111.0,
        "min_height": 0.0,
        "district": "DOWNTOWN",
        "landmark": false,
        "local_x_m": 60.0,
        "local_z_m": 460.0,
        "width_m": 42.0,
        "depth_m": 35.0,
        "base_elevation_m": 5.0,
        "planner_color": "#7bacc8"
      },
      "geometry": {
        "type": "Polygon",
        "coordinates": [
          [
            [
              0.0003503413582464966,
              0.00397502694933525
            ],
            [
              0.0007276320517427237,
              0.00397502694933525
            ],
            [
              0.0007276320517427237,
              0.004289435860582106
            ],
            [
              0.0003503413582464966,
              0.004289435860582106
            ],
            [
              0.0003503413582464966,
              0.00397502694933525
            ]
          ]
        ]
      }
    },
    {
      "type": "Feature",
      "properties": {
        "id": "BLD-101",
        "building_id": "BLD-101",
        "name": "DOWNTOWN block",
        "type": "DOWNTOWN block",
        "height": 56.0,
        "min_height": 0.0,
        "district": "DOWNTOWN",
        "landmark": false,
        "local_x_m": 60.0,
        "local_z_m": 560.0,
        "width_m": 42.0,
        "depth_m": 35.0,
        "base_elevation_m": 5.0,
        "planner_color": "#7bacc8"
      },
      "geometry": {
        "type": "Polygon",
        "coordinates": [
          [
            [
              0.0003503413582464966,
              0.004873338124326267
            ],
            [
              0.0007276320517427237,
              0.004873338124326267
            ],
            [
              0.0007276320517427237,
              0.005187747035573123
            ],
            [
              0.0003503413582464966,
              0.005187747035573123
            ],
            [
              0.0003503413582464966,
              0.004873338124326267
            ]
          ]
        ]
      }
    },
    {
      "type": "Feature",
      "properties": {
        "id": "BLD-102",
        "building_id": "BLD-102",
        "name": "DOWNTOWN block",
        "type": "DOWNTOWN block",
        "height": 92.0,
        "min_height": 0.0,
        "district": "DOWNTOWN",
        "landmark": false,
        "local_x_m": 260.0,
        "local_z_m": -40.0,
        "width_m": 42.0,
        "depth_m": 35.0,
        "base_elevation_m": 5.0,
        "planner_color": "#7bacc8"
      },
      "geometry": {
        "type": "Polygon",
        "coordinates": [
          [
            [
              0.0021469637082285305,
              -0.0005165289256198347
            ],
            [
              0.0025242544017247573,
              -0.0005165289256198347
            ],
            [
              0.0025242544017247573,
              -0.0002021200143729788
            ],
            [
              0.0021469637082285305,
              -0.0002021200143729788
            ],
            [
              0.0021469637082285305,
              -0.0005165289256198347
            ]
          ]
        ]
      }
    },
    {
      "type": "Feature",
      "properties": {
        "id": "BLD-103",
        "building_id": "BLD-103",
        "name": "DOWNTOWN block",
        "type": "DOWNTOWN block",
        "height": 108.0,
        "min_height": 0.0,
        "district": "DOWNTOWN",
        "landmark": false,
        "local_x_m": 260.0,
        "local_z_m": 160.0,
        "width_m": 42.0,
        "depth_m": 35.0,
        "base_elevation_m": 5.0,
        "planner_color": "#7bacc8"
      },
      "geometry": {
        "type": "Polygon",
        "coordinates": [
          [
            [
              0.0021469637082285305,
              0.001280093424362199
            ],
            [
              0.0025242544017247573,
              0.001280093424362199
            ],
            [
              0.0025242544017247573,
              0.001594502335609055
            ],
            [
              0.0021469637082285305,
              0.001594502335609055
            ],
            [
              0.0021469637082285305,
              0.001280093424362199
            ]
          ]
        ]
      }
    },
    {
      "type": "Feature",
      "properties": {
        "id": "BLD-104",
        "building_id": "BLD-104",
        "name": "DOWNTOWN block",
        "type": "DOWNTOWN block",
        "height": 108.0,
        "min_height": 0.0,
        "district": "DOWNTOWN",
        "landmark": false,
        "local_x_m": 260.0,
        "local_z_m": 560.0,
        "width_m": 42.0,
        "depth_m": 35.0,
        "base_elevation_m": 5.0,
        "planner_color": "#7bacc8"
      },
      "geometry": {
        "type": "Polygon",
        "coordinates": [
          [
            [
              0.0021469637082285305,
              0.004873338124326267
            ],
            [
              0.0025242544017247573,
              0.004873338124326267
            ],
            [
              0.0025242544017247573,
              0.005187747035573123
            ],
            [
              0.0021469637082285305,
              0.005187747035573123
            ],
            [
              0.0021469637082285305,
              0.004873338124326267
            ]
          ]
        ]
      }
    },
    {
      "type": "Feature",
      "properties": {
        "id": "BLD-105",
        "building_id": "BLD-105",
        "name": "TECH / BUSINESS block",
        "type": "TECH / BUSINESS block",
        "height": 63.544,
        "min_height": 0.0,
        "district": "TECH / BUSINESS",
        "landmark": false,
        "local_x_m": 710.0,
        "local_z_m": 260.0,
        "width_m": 58.0,
        "depth_m": 35.0,
        "base_elevation_m": 5.0,
        "planner_color": "#8da8d9"
      },
      "geometry": {
        "type": "Polygon",
        "coordinates": [
          [
            [
              0.006117499101688825,
              0.002178404599353216
            ],
            [
              0.006638519583183615,
              0.002178404599353216
            ],
            [
              0.006638519583183615,
              0.0024928135106000717
            ],
            [
              0.006117499101688825,
              0.0024928135106000717
            ],
            [
              0.006117499101688825,
              0.002178404599353216
            ]
          ]
        ]
      }
    },
    {
      "type": "Feature",
      "properties": {
        "id": "BLD-106",
        "building_id": "BLD-106",
        "name": "TECH / BUSINESS block",
        "type": "TECH / BUSINESS block",
        "height": 28.804,
        "min_height": 0.0,
        "district": "TECH / BUSINESS",
        "landmark": false,
        "local_x_m": 710.0,
        "local_z_m": 460.0,
        "width_m": 58.0,
        "depth_m": 35.0,
        "base_elevation_m": 5.0,
        "planner_color": "#8da8d9"
      },
      "geometry": {
        "type": "Polygon",
        "coordinates": [
          [
            [
              0.006117499101688825,
              0.00397502694933525
            ],
            [
              0.006638519583183615,
              0.00397502694933525
            ],
            [
              0.006638519583183615,
              0.004289435860582106
            ],
            [
              0.006117499101688825,
              0.004289435860582106
            ],
            [
              0.006117499101688825,
              0.00397502694933525
            ]
          ]
        ]
      }
    },
    {
      "type": "Feature",
      "properties": {
        "id": "BLD-107",
        "building_id": "BLD-107",
        "name": "TECH / BUSINESS block",
        "type": "TECH / BUSINESS block",
        "height": 51.146,
        "min_height": 0.0,
        "district": "TECH / BUSINESS",
        "landmark": false,
        "local_x_m": 710.0,
        "local_z_m": 860.0,
        "width_m": 58.0,
        "depth_m": 35.0,
        "base_elevation_m": 5.0,
        "planner_color": "#8da8d9"
      },
      "geometry": {
        "type": "Polygon",
        "coordinates": [
          [
            [
              0.006117499101688825,
              0.007568271649299317
            ],
            [
              0.006638519583183615,
              0.007568271649299317
            ],
            [
              0.006638519583183615,
              0.007882680560546173
            ],
            [
              0.006117499101688825,
              0.007882680560546173
            ],
            [
              0.006117499101688825,
              0.007568271649299317
            ]
          ]
        ]
      }
    },
    {
      "type": "Feature",
      "properties": {
        "id": "BLD-108",
        "building_id": "BLD-108",
        "name": "TECH / BUSINESS block",
        "type": "TECH / BUSINESS block",
        "height": 68.753,
        "min_height": 0.0,
        "district": "TECH / BUSINESS",
        "landmark": false,
        "local_x_m": 1110.0,
        "local_z_m": 260.0,
        "width_m": 58.0,
        "depth_m": 35.0,
        "base_elevation_m": 5.0,
        "planner_color": "#8da8d9"
      },
      "geometry": {
        "type": "Polygon",
        "coordinates": [
          [
            [
              0.009710743801652892,
              0.002178404599353216
            ],
            [
              0.010231764283147683,
              0.002178404599353216
            ],
            [
              0.010231764283147683,
              0.0024928135106000717
            ],
            [
              0.009710743801652892,
              0.0024928135106000717
            ],
            [
              0.009710743801652892,
              0.002178404599353216
            ]
          ]
        ]
      }
    },
    {
      "type": "Feature",
      "properties": {
        "id": "BLD-109",
        "building_id": "BLD-109",
        "name": "TECH / BUSINESS block",
        "type": "TECH / BUSINESS block",
        "height": 31.215,
        "min_height": 0.0,
        "district": "TECH / BUSINESS",
        "landmark": false,
        "local_x_m": 1110.0,
        "local_z_m": 860.0,
        "width_m": 58.0,
        "depth_m": 35.0,
        "base_elevation_m": 5.0,
        "planner_color": "#8da8d9"
      },
      "geometry": {
        "type": "Polygon",
        "coordinates": [
          [
            [
              0.009710743801652892,
              0.007568271649299317
            ],
            [
              0.010231764283147683,
              0.007568271649299317
            ],
            [
              0.010231764283147683,
              0.007882680560546173
            ],
            [
              0.009710743801652892,
              0.007882680560546173
            ],
            [
              0.009710743801652892,
              0.007568271649299317
            ]
          ]
        ]
      }
    },
    {
      "type": "Feature",
      "properties": {
        "id": "BLD-110",
        "building_id": "BLD-110",
        "name": "CANAL RESIDENTIAL block",
        "type": "CANAL RESIDENTIAL block",
        "height": 17.743,
        "min_height": 0.0,
        "district": "CANAL RESIDENTIAL",
        "landmark": false,
        "local_x_m": -1690.0,
        "local_z_m": -890.0,
        "width_m": 42.0,
        "depth_m": 35.0,
        "base_elevation_m": 5.0,
        "planner_color": "#74b7ad"
      },
      "geometry": {
        "type": "Polygon",
        "coordinates": [
          [
            [
              -0.0153701042040963,
              -0.008152173913043478
            ],
            [
              -0.014992813510600072,
              -0.008152173913043478
            ],
            [
              -0.014992813510600072,
              -0.007837765001796622
            ],
            [
              -0.0153701042040963,
              -0.007837765001796622
            ],
            [
              -0.0153701042040963,
              -0.008152173913043478
            ]
          ]
        ]
      }
    },
    {
      "type": "Feature",
      "properties": {
        "id": "BLD-111",
        "building_id": "BLD-111",
        "name": "CANAL RESIDENTIAL block",
        "type": "CANAL RESIDENTIAL block",
        "height": 17.415,
        "min_height": 0.0,
        "district": "CANAL RESIDENTIAL",
        "landmark": false,
        "local_x_m": -1690.0,
        "local_z_m": -690.0,
        "width_m": 42.0,
        "depth_m": 35.0,
        "base_elevation_m": 5.0,
        "planner_color": "#74b7ad"
      },
      "geometry": {
        "type": "Polygon",
        "coordinates": [
          [
            [
              -0.0153701042040963,
              -0.006355551563061445
            ],
            [
              -0.014992813510600072,
              -0.006355551563061445
            ],
            [
              -0.014992813510600072,
              -0.006041142651814589
            ],
            [
              -0.0153701042040963,
              -0.006041142651814589
            ],
            [
              -0.0153701042040963,
              -0.006355551563061445
            ]
          ]
        ]
      }
    },
    {
      "type": "Feature",
      "properties": {
        "id": "BLD-112",
        "building_id": "BLD-112",
        "name": "CANAL RESIDENTIAL block",
        "type": "CANAL RESIDENTIAL block",
        "height": 21.565,
        "min_height": 0.0,
        "district": "CANAL RESIDENTIAL",
        "landmark": false,
        "local_x_m": -1690.0,
        "local_z_m": -290.0,
        "width_m": 42.0,
        "depth_m": 35.0,
        "base_elevation_m": 5.0,
        "planner_color": "#74b7ad"
      },
      "geometry": {
        "type": "Polygon",
        "coordinates": [
          [
            [
              -0.0153701042040963,
              -0.002762306863097377
            ],
            [
              -0.014992813510600072,
              -0.002762306863097377
            ],
            [
              -0.014992813510600072,
              -0.002447897951850521
            ],
            [
              -0.0153701042040963,
              -0.002447897951850521
            ],
            [
              -0.0153701042040963,
              -0.002762306863097377
            ]
          ]
        ]
      }
    },
    {
      "type": "Feature",
      "properties": {
        "id": "BLD-113",
        "building_id": "BLD-113",
        "name": "CANAL RESIDENTIAL block",
        "type": "CANAL RESIDENTIAL block",
        "height": 13.498,
        "min_height": 0.0,
        "district": "CANAL RESIDENTIAL",
        "landmark": false,
        "local_x_m": -1690.0,
        "local_z_m": -90.0,
        "width_m": 42.0,
        "depth_m": 35.0,
        "base_elevation_m": 5.0,
        "planner_color": "#74b7ad"
      },
      "geometry": {
        "type": "Polygon",
        "coordinates": [
          [
            [
              -0.0153701042040963,
              -0.0009656845131153431
            ],
            [
              -0.014992813510600072,
              -0.0009656845131153431
            ],
            [
              -0.014992813510600072,
              -0.0006512756018684872
            ],
            [
              -0.0153701042040963,
              -0.0006512756018684872
            ],
            [
              -0.0153701042040963,
              -0.0009656845131153431
            ]
          ]
        ]
      }
    },
    {
      "type": "Feature",
      "properties": {
        "id": "BLD-114",
        "building_id": "BLD-114",
        "name": "CANAL RESIDENTIAL block",
        "type": "CANAL RESIDENTIAL block",
        "height": 29.079,
        "min_height": 0.0,
        "district": "CANAL RESIDENTIAL",
        "landmark": false,
        "local_x_m": -1490.0,
        "local_z_m": -890.0,
        "width_m": 42.0,
        "depth_m": 35.0,
        "base_elevation_m": 5.0,
        "planner_color": "#74b7ad"
      },
      "geometry": {
        "type": "Polygon",
        "coordinates": [
          [
            [
              -0.013573481854114266,
              -0.008152173913043478
            ],
            [
              -0.013196191160618037,
              -0.008152173913043478
            ],
            [
              -0.013196191160618037,
              -0.007837765001796622
            ],
            [
              -0.013573481854114266,
              -0.007837765001796622
            ],
            [
              -0.013573481854114266,
              -0.008152173913043478
            ]
          ]
        ]
      }
    },
    {
      "type": "Feature",
      "properties": {
        "id": "BLD-115",
        "building_id": "BLD-115",
        "name": "CANAL RESIDENTIAL block",
        "type": "CANAL RESIDENTIAL block",
        "height": 31.491,
        "min_height": 0.0,
        "district": "CANAL RESIDENTIAL",
        "landmark": false,
        "local_x_m": -1490.0,
        "local_z_m": -690.0,
        "width_m": 42.0,
        "depth_m": 35.0,
        "base_elevation_m": 5.0,
        "planner_color": "#74b7ad"
      },
      "geometry": {
        "type": "Polygon",
        "coordinates": [
          [
            [
              -0.013573481854114266,
              -0.006355551563061445
            ],
            [
              -0.013196191160618037,
              -0.006355551563061445
            ],
            [
              -0.013196191160618037,
              -0.006041142651814589
            ],
            [
              -0.013573481854114266,
              -0.006041142651814589
            ],
            [
              -0.013573481854114266,
              -0.006355551563061445
            ]
          ]
        ]
      }
    },
    {
      "type": "Feature",
      "properties": {
        "id": "BLD-116",
        "building_id": "BLD-116",
        "name": "CANAL RESIDENTIAL block",
        "type": "CANAL RESIDENTIAL block",
        "height": 12.143,
        "min_height": 0.0,
        "district": "CANAL RESIDENTIAL",
        "landmark": false,
        "local_x_m": -1490.0,
        "local_z_m": -290.0,
        "width_m": 42.0,
        "depth_m": 35.0,
        "base_elevation_m": 5.0,
        "planner_color": "#74b7ad"
      },
      "geometry": {
        "type": "Polygon",
        "coordinates": [
          [
            [
              -0.013573481854114266,
              -0.002762306863097377
            ],
            [
              -0.013196191160618037,
              -0.002762306863097377
            ],
            [
              -0.013196191160618037,
              -0.002447897951850521
            ],
            [
              -0.013573481854114266,
              -0.002447897951850521
            ],
            [
              -0.013573481854114266,
              -0.002762306863097377
            ]
          ]
        ]
      }
    },
    {
      "type": "Feature",
      "properties": {
        "id": "BLD-117",
        "building_id": "BLD-117",
        "name": "CANAL RESIDENTIAL block",
        "type": "CANAL RESIDENTIAL block",
        "height": 23.037,
        "min_height": 0.0,
        "district": "CANAL RESIDENTIAL",
        "landmark": false,
        "local_x_m": -1490.0,
        "local_z_m": -90.0,
        "width_m": 42.0,
        "depth_m": 35.0,
        "base_elevation_m": 5.0,
        "planner_color": "#74b7ad"
      },
      "geometry": {
        "type": "Polygon",
        "coordinates": [
          [
            [
              -0.013573481854114266,
              -0.0009656845131153431
            ],
            [
              -0.013196191160618037,
              -0.0009656845131153431
            ],
            [
              -0.013196191160618037,
              -0.0006512756018684872
            ],
            [
              -0.013573481854114266,
              -0.0006512756018684872
            ],
            [
              -0.013573481854114266,
              -0.0009656845131153431
            ]
          ]
        ]
      }
    },
    {
      "type": "Feature",
      "properties": {
        "id": "BLD-118",
        "building_id": "BLD-118",
        "name": "CANAL RESIDENTIAL block",
        "type": "CANAL RESIDENTIAL block",
        "height": 23.453,
        "min_height": 0.0,
        "district": "CANAL RESIDENTIAL",
        "landmark": false,
        "local_x_m": -1290.0,
        "local_z_m": -890.0,
        "width_m": 42.0,
        "depth_m": 35.0,
        "base_elevation_m": 5.0,
        "planner_color": "#74b7ad"
      },
      "geometry": {
        "type": "Polygon",
        "coordinates": [
          [
            [
              -0.011776859504132231,
              -0.008152173913043478
            ],
            [
              -0.011399568810636005,
              -0.008152173913043478
            ],
            [
              -0.011399568810636005,
              -0.007837765001796622
            ],
            [
              -0.011776859504132231,
              -0.007837765001796622
            ],
            [
              -0.011776859504132231,
              -0.008152173913043478
            ]
          ]
        ]
      }
    },
    {
      "type": "Feature",
      "properties": {
        "id": "BLD-119",
        "building_id": "BLD-119",
        "name": "CANAL RESIDENTIAL block",
        "type": "CANAL RESIDENTIAL block",
        "height": 21.126,
        "min_height": 0.0,
        "district": "CANAL RESIDENTIAL",
        "landmark": false,
        "local_x_m": -1290.0,
        "local_z_m": -690.0,
        "width_m": 42.0,
        "depth_m": 35.0,
        "base_elevation_m": 5.0,
        "planner_color": "#74b7ad"
      },
      "geometry": {
        "type": "Polygon",
        "coordinates": [
          [
            [
              -0.011776859504132231,
              -0.006355551563061445
            ],
            [
              -0.011399568810636005,
              -0.006355551563061445
            ],
            [
              -0.011399568810636005,
              -0.006041142651814589
            ],
            [
              -0.011776859504132231,
              -0.006041142651814589
            ],
            [
              -0.011776859504132231,
              -0.006355551563061445
            ]
          ]
        ]
      }
    },
    {
      "type": "Feature",
      "properties": {
        "id": "BLD-120",
        "building_id": "BLD-120",
        "name": "CANAL RESIDENTIAL block",
        "type": "CANAL RESIDENTIAL block",
        "height": 33.77,
        "min_height": 0.0,
        "district": "CANAL RESIDENTIAL",
        "landmark": false,
        "local_x_m": -1290.0,
        "local_z_m": -290.0,
        "width_m": 42.0,
        "depth_m": 35.0,
        "base_elevation_m": 5.0,
        "planner_color": "#74b7ad"
      },
      "geometry": {
        "type": "Polygon",
        "coordinates": [
          [
            [
              -0.011776859504132231,
              -0.002762306863097377
            ],
            [
              -0.011399568810636005,
              -0.002762306863097377
            ],
            [
              -0.011399568810636005,
              -0.002447897951850521
            ],
            [
              -0.011776859504132231,
              -0.002447897951850521
            ],
            [
              -0.011776859504132231,
              -0.002762306863097377
            ]
          ]
        ]
      }
    },
    {
      "type": "Feature",
      "properties": {
        "id": "BLD-121",
        "building_id": "BLD-121",
        "name": "CANAL RESIDENTIAL block",
        "type": "CANAL RESIDENTIAL block",
        "height": 16.54,
        "min_height": 0.0,
        "district": "CANAL RESIDENTIAL",
        "landmark": false,
        "local_x_m": -1290.0,
        "local_z_m": -90.0,
        "width_m": 42.0,
        "depth_m": 35.0,
        "base_elevation_m": 5.0,
        "planner_color": "#74b7ad"
      },
      "geometry": {
        "type": "Polygon",
        "coordinates": [
          [
            [
              -0.011776859504132231,
              -0.0009656845131153431
            ],
            [
              -0.011399568810636005,
              -0.0009656845131153431
            ],
            [
              -0.011399568810636005,
              -0.0006512756018684872
            ],
            [
              -0.011776859504132231,
              -0.0006512756018684872
            ],
            [
              -0.011776859504132231,
              -0.0009656845131153431
            ]
          ]
        ]
      }
    },
    {
      "type": "Feature",
      "properties": {
        "id": "BLD-122",
        "building_id": "BLD-122",
        "name": "CANAL RESIDENTIAL block",
        "type": "CANAL RESIDENTIAL block",
        "height": 13.883,
        "min_height": 0.0,
        "district": "CANAL RESIDENTIAL",
        "landmark": false,
        "local_x_m": -1090.0,
        "local_z_m": -890.0,
        "width_m": 42.0,
        "depth_m": 35.0,
        "base_elevation_m": 5.0,
        "planner_color": "#74b7ad"
      },
      "geometry": {
        "type": "Polygon",
        "coordinates": [
          [
            [
              -0.009980237154150197,
              -0.008152173913043478
            ],
            [
              -0.009602946460653971,
              -0.008152173913043478
            ],
            [
              -0.009602946460653971,
              -0.007837765001796622
            ],
            [
              -0.009980237154150197,
              -0.007837765001796622
            ],
            [
              -0.009980237154150197,
              -0.008152173913043478
            ]
          ]
        ]
      }
    },
    {
      "type": "Feature",
      "properties": {
        "id": "BLD-123",
        "building_id": "BLD-123",
        "name": "CANAL RESIDENTIAL block",
        "type": "CANAL RESIDENTIAL block",
        "height": 31.078,
        "min_height": 0.0,
        "district": "CANAL RESIDENTIAL",
        "landmark": false,
        "local_x_m": -1090.0,
        "local_z_m": -690.0,
        "width_m": 42.0,
        "depth_m": 35.0,
        "base_elevation_m": 5.0,
        "planner_color": "#74b7ad"
      },
      "geometry": {
        "type": "Polygon",
        "coordinates": [
          [
            [
              -0.009980237154150197,
              -0.006355551563061445
            ],
            [
              -0.009602946460653971,
              -0.006355551563061445
            ],
            [
              -0.009602946460653971,
              -0.006041142651814589
            ],
            [
              -0.009980237154150197,
              -0.006041142651814589
            ],
            [
              -0.009980237154150197,
              -0.006355551563061445
            ]
          ]
        ]
      }
    },
    {
      "type": "Feature",
      "properties": {
        "id": "BLD-124",
        "building_id": "BLD-124",
        "name": "CANAL RESIDENTIAL block",
        "type": "CANAL RESIDENTIAL block",
        "height": 30.215,
        "min_height": 0.0,
        "district": "CANAL RESIDENTIAL",
        "landmark": false,
        "local_x_m": -1090.0,
        "local_z_m": -290.0,
        "width_m": 42.0,
        "depth_m": 35.0,
        "base_elevation_m": 5.0,
        "planner_color": "#74b7ad"
      },
      "geometry": {
        "type": "Polygon",
        "coordinates": [
          [
            [
              -0.009980237154150197,
              -0.002762306863097377
            ],
            [
              -0.009602946460653971,
              -0.002762306863097377
            ],
            [
              -0.009602946460653971,
              -0.002447897951850521
            ],
            [
              -0.009980237154150197,
              -0.002447897951850521
            ],
            [
              -0.009980237154150197,
              -0.002762306863097377
            ]
          ]
        ]
      }
    },
    {
      "type": "Feature",
      "properties": {
        "id": "BLD-125",
        "building_id": "BLD-125",
        "name": "CANAL RESIDENTIAL block",
        "type": "CANAL RESIDENTIAL block",
        "height": 28.505,
        "min_height": 0.0,
        "district": "CANAL RESIDENTIAL",
        "landmark": false,
        "local_x_m": -1090.0,
        "local_z_m": -90.0,
        "width_m": 42.0,
        "depth_m": 35.0,
        "base_elevation_m": 5.0,
        "planner_color": "#74b7ad"
      },
      "geometry": {
        "type": "Polygon",
        "coordinates": [
          [
            [
              -0.009980237154150197,
              -0.0009656845131153431
            ],
            [
              -0.009602946460653971,
              -0.0009656845131153431
            ],
            [
              -0.009602946460653971,
              -0.0006512756018684872
            ],
            [
              -0.009980237154150197,
              -0.0006512756018684872
            ],
            [
              -0.009980237154150197,
              -0.0009656845131153431
            ]
          ]
        ]
      }
    },
    {
      "type": "Feature",
      "properties": {
        "id": "BLD-126",
        "building_id": "BLD-126",
        "name": "CANAL RESIDENTIAL block",
        "type": "CANAL RESIDENTIAL block",
        "height": 29.973,
        "min_height": 0.0,
        "district": "CANAL RESIDENTIAL",
        "landmark": false,
        "local_x_m": -890.0,
        "local_z_m": -890.0,
        "width_m": 42.0,
        "depth_m": 35.0,
        "base_elevation_m": 5.0,
        "planner_color": "#74b7ad"
      },
      "geometry": {
        "type": "Polygon",
        "coordinates": [
          [
            [
              -0.008183614804168163,
              -0.008152173913043478
            ],
            [
              -0.007806324110671937,
              -0.008152173913043478
            ],
            [
              -0.007806324110671937,
              -0.007837765001796622
            ],
            [
              -0.008183614804168163,
              -0.007837765001796622
            ],
            [
              -0.008183614804168163,
              -0.008152173913043478
            ]
          ]
        ]
      }
    },
    {
      "type": "Feature",
      "properties": {
        "id": "BLD-127",
        "building_id": "BLD-127",
        "name": "CANAL RESIDENTIAL block",
        "type": "CANAL RESIDENTIAL block",
        "height": 20.348,
        "min_height": 0.0,
        "district": "CANAL RESIDENTIAL",
        "landmark": false,
        "local_x_m": -890.0,
        "local_z_m": -690.0,
        "width_m": 42.0,
        "depth_m": 35.0,
        "base_elevation_m": 5.0,
        "planner_color": "#74b7ad"
      },
      "geometry": {
        "type": "Polygon",
        "coordinates": [
          [
            [
              -0.008183614804168163,
              -0.006355551563061445
            ],
            [
              -0.007806324110671937,
              -0.006355551563061445
            ],
            [
              -0.007806324110671937,
              -0.006041142651814589
            ],
            [
              -0.008183614804168163,
              -0.006041142651814589
            ],
            [
              -0.008183614804168163,
              -0.006355551563061445
            ]
          ]
        ]
      }
    },
    {
      "type": "Feature",
      "properties": {
        "id": "BLD-128",
        "building_id": "BLD-128",
        "name": "CANAL RESIDENTIAL block",
        "type": "CANAL RESIDENTIAL block",
        "height": 17.34,
        "min_height": 0.0,
        "district": "CANAL RESIDENTIAL",
        "landmark": false,
        "local_x_m": -890.0,
        "local_z_m": -290.0,
        "width_m": 42.0,
        "depth_m": 35.0,
        "base_elevation_m": 5.0,
        "planner_color": "#74b7ad"
      },
      "geometry": {
        "type": "Polygon",
        "coordinates": [
          [
            [
              -0.008183614804168163,
              -0.002762306863097377
            ],
            [
              -0.007806324110671937,
              -0.002762306863097377
            ],
            [
              -0.007806324110671937,
              -0.002447897951850521
            ],
            [
              -0.008183614804168163,
              -0.002447897951850521
            ],
            [
              -0.008183614804168163,
              -0.002762306863097377
            ]
          ]
        ]
      }
    },
    {
      "type": "Feature",
      "properties": {
        "id": "BLD-129",
        "building_id": "BLD-129",
        "name": "CANAL RESIDENTIAL block",
        "type": "CANAL RESIDENTIAL block",
        "height": 28.928,
        "min_height": 0.0,
        "district": "CANAL RESIDENTIAL",
        "landmark": false,
        "local_x_m": -890.0,
        "local_z_m": -90.0,
        "width_m": 42.0,
        "depth_m": 35.0,
        "base_elevation_m": 5.0,
        "planner_color": "#74b7ad"
      },
      "geometry": {
        "type": "Polygon",
        "coordinates": [
          [
            [
              -0.008183614804168163,
              -0.0009656845131153431
            ],
            [
              -0.007806324110671937,
              -0.0009656845131153431
            ],
            [
              -0.007806324110671937,
              -0.0006512756018684872
            ],
            [
              -0.008183614804168163,
              -0.0006512756018684872
            ],
            [
              -0.008183614804168163,
              -0.0009656845131153431
            ]
          ]
        ]
      }
    },
    {
      "type": "Feature",
      "properties": {
        "id": "BLD-130",
        "building_id": "BLD-130",
        "name": "NIGHTLIFE block",
        "type": "NIGHTLIFE block",
        "height": 19.984,
        "min_height": 0.0,
        "district": "NIGHTLIFE",
        "landmark": false,
        "local_x_m": -540.0,
        "local_z_m": -490.0,
        "width_m": 42.0,
        "depth_m": 35.0,
        "base_elevation_m": 5.0,
        "planner_color": "#b889b3"
      },
      "geometry": {
        "type": "Polygon",
        "coordinates": [
          [
            [
              -0.005039525691699605,
              -0.004558929213079411
            ],
            [
              -0.004662234998203378,
              -0.004558929213079411
            ],
            [
              -0.004662234998203378,
              -0.0042445203018325545
            ],
            [
              -0.005039525691699605,
              -0.0042445203018325545
            ],
            [
              -0.005039525691699605,
              -0.004558929213079411
            ]
          ]
        ]
      }
    },
    {
      "type": "Feature",
      "properties": {
        "id": "BLD-131",
        "building_id": "BLD-131",
        "name": "NIGHTLIFE block",
        "type": "NIGHTLIFE block",
        "height": 29.248,
        "min_height": 0.0,
        "district": "NIGHTLIFE",
        "landmark": false,
        "local_x_m": -540.0,
        "local_z_m": -290.0,
        "width_m": 42.0,
        "depth_m": 35.0,
        "base_elevation_m": 5.0,
        "planner_color": "#b889b3"
      },
      "geometry": {
        "type": "Polygon",
        "coordinates": [
          [
            [
              -0.005039525691699605,
              -0.002762306863097377
            ],
            [
              -0.004662234998203378,
              -0.002762306863097377
            ],
            [
              -0.004662234998203378,
              -0.002447897951850521
            ],
            [
              -0.005039525691699605,
              -0.002447897951850521
            ],
            [
              -0.005039525691699605,
              -0.002762306863097377
            ]
          ]
        ]
      }
    },
    {
      "type": "Feature",
      "properties": {
        "id": "BLD-132",
        "building_id": "BLD-132",
        "name": "NIGHTLIFE block",
        "type": "NIGHTLIFE block",
        "height": 12.936,
        "min_height": 0.0,
        "district": "NIGHTLIFE",
        "landmark": false,
        "local_x_m": -440.0,
        "local_z_m": -490.0,
        "width_m": 42.0,
        "depth_m": 35.0,
        "base_elevation_m": 5.0,
        "planner_color": "#b889b3"
      },
      "geometry": {
        "type": "Polygon",
        "coordinates": [
          [
            [
              -0.004141214516708588,
              -0.004558929213079411
            ],
            [
              -0.003763923823212361,
              -0.004558929213079411
            ],
            [
              -0.003763923823212361,
              -0.0042445203018325545
            ],
            [
              -0.004141214516708588,
              -0.0042445203018325545
            ],
            [
              -0.004141214516708588,
              -0.004558929213079411
            ]
          ]
        ]
      }
    },
    {
      "type": "Feature",
      "properties": {
        "id": "BLD-133",
        "building_id": "BLD-133",
        "name": "NIGHTLIFE block",
        "type": "NIGHTLIFE block",
        "height": 27.7,
        "min_height": 0.0,
        "district": "NIGHTLIFE",
        "landmark": false,
        "local_x_m": -440.0,
        "local_z_m": -290.0,
        "width_m": 42.0,
        "depth_m": 35.0,
        "base_elevation_m": 5.0,
        "planner_color": "#b889b3"
      },
      "geometry": {
        "type": "Polygon",
        "coordinates": [
          [
            [
              -0.004141214516708588,
              -0.002762306863097377
            ],
            [
              -0.003763923823212361,
              -0.002762306863097377
            ],
            [
              -0.003763923823212361,
              -0.002447897951850521
            ],
            [
              -0.004141214516708588,
              -0.002447897951850521
            ],
            [
              -0.004141214516708588,
              -0.002762306863097377
            ]
          ]
        ]
      }
    },
    {
      "type": "Feature",
      "properties": {
        "id": "BLD-134",
        "building_id": "BLD-134",
        "name": "NIGHTLIFE block",
        "type": "NIGHTLIFE block",
        "height": 16.622,
        "min_height": 0.0,
        "district": "NIGHTLIFE",
        "landmark": false,
        "local_x_m": -340.0,
        "local_z_m": -490.0,
        "width_m": 42.0,
        "depth_m": 35.0,
        "base_elevation_m": 5.0,
        "planner_color": "#b889b3"
      },
      "geometry": {
        "type": "Polygon",
        "coordinates": [
          [
            [
              -0.003242903341717571,
              -0.004558929213079411
            ],
            [
              -0.002865612648221344,
              -0.004558929213079411
            ],
            [
              -0.002865612648221344,
              -0.0042445203018325545
            ],
            [
              -0.003242903341717571,
              -0.0042445203018325545
            ],
            [
              -0.003242903341717571,
              -0.004558929213079411
            ]
          ]
        ]
      }
    },
    {
      "type": "Feature",
      "properties": {
        "id": "BLD-135",
        "building_id": "BLD-135",
        "name": "NIGHTLIFE block",
        "type": "NIGHTLIFE block",
        "height": 15.313,
        "min_height": 0.0,
        "district": "NIGHTLIFE",
        "landmark": false,
        "local_x_m": -340.0,
        "local_z_m": -290.0,
        "width_m": 42.0,
        "depth_m": 35.0,
        "base_elevation_m": 5.0,
        "planner_color": "#b889b3"
      },
      "geometry": {
        "type": "Polygon",
        "coordinates": [
          [
            [
              -0.003242903341717571,
              -0.002762306863097377
            ],
            [
              -0.002865612648221344,
              -0.002762306863097377
            ],
            [
              -0.002865612648221344,
              -0.002447897951850521
            ],
            [
              -0.003242903341717571,
              -0.002447897951850521
            ],
            [
              -0.003242903341717571,
              -0.002762306863097377
            ]
          ]
        ]
      }
    },
    {
      "type": "Feature",
      "properties": {
        "id": "BLD-136",
        "building_id": "BLD-136",
        "name": "NIGHTLIFE block",
        "type": "NIGHTLIFE block",
        "height": 29.841,
        "min_height": 0.0,
        "district": "NIGHTLIFE",
        "landmark": false,
        "local_x_m": -240.0,
        "local_z_m": -490.0,
        "width_m": 42.0,
        "depth_m": 35.0,
        "base_elevation_m": 5.0,
        "planner_color": "#b889b3"
      },
      "geometry": {
        "type": "Polygon",
        "coordinates": [
          [
            [
              -0.002344592166726554,
              -0.004558929213079411
            ],
            [
              -0.001967301473230327,
              -0.004558929213079411
            ],
            [
              -0.001967301473230327,
              -0.0042445203018325545
            ],
            [
              -0.002344592166726554,
              -0.0042445203018325545
            ],
            [
              -0.002344592166726554,
              -0.004558929213079411
            ]
          ]
        ]
      }
    },
    {
      "type": "Feature",
      "properties": {
        "id": "BLD-137",
        "building_id": "BLD-137",
        "name": "NIGHTLIFE block",
        "type": "NIGHTLIFE block",
        "height": 30.169,
        "min_height": 0.0,
        "district": "NIGHTLIFE",
        "landmark": false,
        "local_x_m": -240.0,
        "local_z_m": -290.0,
        "width_m": 42.0,
        "depth_m": 35.0,
        "base_elevation_m": 5.0,
        "planner_color": "#b889b3"
      },
      "geometry": {
        "type": "Polygon",
        "coordinates": [
          [
            [
              -0.002344592166726554,
              -0.002762306863097377
            ],
            [
              -0.001967301473230327,
              -0.002762306863097377
            ],
            [
              -0.001967301473230327,
              -0.002447897951850521
            ],
            [
              -0.002344592166726554,
              -0.002447897951850521
            ],
            [
              -0.002344592166726554,
              -0.002762306863097377
            ]
          ]
        ]
      }
    },
    {
      "type": "Feature",
      "properties": {
        "id": "BLD-138",
        "building_id": "BLD-138",
        "name": "NIGHTLIFE block",
        "type": "NIGHTLIFE block",
        "height": 24.285,
        "min_height": 0.0,
        "district": "NIGHTLIFE",
        "landmark": false,
        "local_x_m": -140.0,
        "local_z_m": -490.0,
        "width_m": 42.0,
        "depth_m": 35.0,
        "base_elevation_m": 5.0,
        "planner_color": "#b889b3"
      },
      "geometry": {
        "type": "Polygon",
        "coordinates": [
          [
            [
              -0.001446280991735537,
              -0.004558929213079411
            ],
            [
              -0.0010689902982393101,
              -0.004558929213079411
            ],
            [
              -0.0010689902982393101,
              -0.0042445203018325545
            ],
            [
              -0.001446280991735537,
              -0.0042445203018325545
            ],
            [
              -0.001446280991735537,
              -0.004558929213079411
            ]
          ]
        ]
      }
    },
    {
      "type": "Feature",
      "properties": {
        "id": "BLD-139",
        "building_id": "BLD-139",
        "name": "NIGHTLIFE block",
        "type": "NIGHTLIFE block",
        "height": 13.682,
        "min_height": 0.0,
        "district": "NIGHTLIFE",
        "landmark": false,
        "local_x_m": -140.0,
        "local_z_m": -290.0,
        "width_m": 42.0,
        "depth_m": 35.0,
        "base_elevation_m": 5.0,
        "planner_color": "#b889b3"
      },
      "geometry": {
        "type": "Polygon",
        "coordinates": [
          [
            [
              -0.001446280991735537,
              -0.002762306863097377
            ],
            [
              -0.0010689902982393101,
              -0.002762306863097377
            ],
            [
              -0.0010689902982393101,
              -0.002447897951850521
            ],
            [
              -0.001446280991735537,
              -0.002447897951850521
            ],
            [
              -0.001446280991735537,
              -0.002762306863097377
            ]
          ]
        ]
      }
    },
    {
      "type": "Feature",
      "properties": {
        "id": "BLD-140",
        "building_id": "BLD-140",
        "name": "NIGHTLIFE block",
        "type": "NIGHTLIFE block",
        "height": 32.051,
        "min_height": 0.0,
        "district": "NIGHTLIFE",
        "landmark": false,
        "local_x_m": -40.0,
        "local_z_m": -490.0,
        "width_m": 42.0,
        "depth_m": 35.0,
        "base_elevation_m": 5.0,
        "planner_color": "#b889b3"
      },
      "geometry": {
        "type": "Polygon",
        "coordinates": [
          [
            [
              -0.0005479698167445203,
              -0.004558929213079411
            ],
            [
              -0.00017067912324829321,
              -0.004558929213079411
            ],
            [
              -0.00017067912324829321,
              -0.0042445203018325545
            ],
            [
              -0.0005479698167445203,
              -0.0042445203018325545
            ],
            [
              -0.0005479698167445203,
              -0.004558929213079411
            ]
          ]
        ]
      }
    },
    {
      "type": "Feature",
      "properties": {
        "id": "BLD-141",
        "building_id": "BLD-141",
        "name": "NIGHTLIFE block",
        "type": "NIGHTLIFE block",
        "height": 18.109,
        "min_height": 0.0,
        "district": "NIGHTLIFE",
        "landmark": false,
        "local_x_m": -40.0,
        "local_z_m": -290.0,
        "width_m": 42.0,
        "depth_m": 35.0,
        "base_elevation_m": 5.0,
        "planner_color": "#b889b3"
      },
      "geometry": {
        "type": "Polygon",
        "coordinates": [
          [
            [
              -0.0005479698167445203,
              -0.002762306863097377
            ],
            [
              -0.00017067912324829321,
              -0.002762306863097377
            ],
            [
              -0.00017067912324829321,
              -0.002447897951850521
            ],
            [
              -0.0005479698167445203,
              -0.002447897951850521
            ],
            [
              -0.0005479698167445203,
              -0.002762306863097377
            ]
          ]
        ]
      }
    },
    {
      "type": "Feature",
      "properties": {
        "id": "BLD-142",
        "building_id": "BLD-142",
        "name": "NIGHTLIFE block",
        "type": "NIGHTLIFE block",
        "height": 14.761,
        "min_height": 0.0,
        "district": "NIGHTLIFE",
        "landmark": false,
        "local_x_m": 60.0,
        "local_z_m": -490.0,
        "width_m": 42.0,
        "depth_m": 35.0,
        "base_elevation_m": 5.0,
        "planner_color": "#b889b3"
      },
      "geometry": {
        "type": "Polygon",
        "coordinates": [
          [
            [
              0.0003503413582464966,
              -0.004558929213079411
            ],
            [
              0.0007276320517427237,
              -0.004558929213079411
            ],
            [
              0.0007276320517427237,
              -0.0042445203018325545
            ],
            [
              0.0003503413582464966,
              -0.0042445203018325545
            ],
            [
              0.0003503413582464966,
              -0.004558929213079411
            ]
          ]
        ]
      }
    },
    {
      "type": "Feature",
      "properties": {
        "id": "BLD-143",
        "building_id": "BLD-143",
        "name": "NIGHTLIFE block",
        "type": "NIGHTLIFE block",
        "height": 18.015,
        "min_height": 0.0,
        "district": "NIGHTLIFE",
        "landmark": false,
        "local_x_m": 60.0,
        "local_z_m": -290.0,
        "width_m": 42.0,
        "depth_m": 35.0,
        "base_elevation_m": 5.0,
        "planner_color": "#b889b3"
      },
      "geometry": {
        "type": "Polygon",
        "coordinates": [
          [
            [
              0.0003503413582464966,
              -0.002762306863097377
            ],
            [
              0.0007276320517427237,
              -0.002762306863097377
            ],
            [
              0.0007276320517427237,
              -0.002447897951850521
            ],
            [
              0.0003503413582464966,
              -0.002447897951850521
            ],
            [
              0.0003503413582464966,
              -0.002762306863097377
            ]
          ]
        ]
      }
    },
    {
      "type": "Feature",
      "properties": {
        "id": "BLD-144",
        "building_id": "BLD-144",
        "name": "NIGHTLIFE block",
        "type": "NIGHTLIFE block",
        "height": 21.265,
        "min_height": 0.0,
        "district": "NIGHTLIFE",
        "landmark": false,
        "local_x_m": 260.0,
        "local_z_m": -290.0,
        "width_m": 42.0,
        "depth_m": 35.0,
        "base_elevation_m": 5.0,
        "planner_color": "#b889b3"
      },
      "geometry": {
        "type": "Polygon",
        "coordinates": [
          [
            [
              0.0021469637082285305,
              -0.002762306863097377
            ],
            [
              0.0025242544017247573,
              -0.002762306863097377
            ],
            [
              0.0025242544017247573,
              -0.002447897951850521
            ],
            [
              0.0021469637082285305,
              -0.002447897951850521
            ],
            [
              0.0021469637082285305,
              -0.002762306863097377
            ]
          ]
        ]
      }
    },
    {
      "type": "Feature",
      "properties": {
        "id": "BLD-145",
        "building_id": "BLD-145",
        "name": "NIGHTLIFE block",
        "type": "NIGHTLIFE block",
        "height": 12.032,
        "min_height": 0.0,
        "district": "NIGHTLIFE",
        "landmark": false,
        "local_x_m": 360.0,
        "local_z_m": -490.0,
        "width_m": 42.0,
        "depth_m": 35.0,
        "base_elevation_m": 5.0,
        "planner_color": "#b889b3"
      },
      "geometry": {
        "type": "Polygon",
        "coordinates": [
          [
            [
              0.003045274883219547,
              -0.004558929213079411
            ],
            [
              0.0034225655767157743,
              -0.004558929213079411
            ],
            [
              0.0034225655767157743,
              -0.0042445203018325545
            ],
            [
              0.003045274883219547,
              -0.0042445203018325545
            ],
            [
              0.003045274883219547,
              -0.004558929213079411
            ]
          ]
        ]
      }
    },
    {
      "type": "Feature",
      "properties": {
        "id": "BLD-146",
        "building_id": "BLD-146",
        "name": "NIGHTLIFE block",
        "type": "NIGHTLIFE block",
        "height": 24.174,
        "min_height": 0.0,
        "district": "NIGHTLIFE",
        "landmark": false,
        "local_x_m": 360.0,
        "local_z_m": -290.0,
        "width_m": 42.0,
        "depth_m": 35.0,
        "base_elevation_m": 5.0,
        "planner_color": "#b889b3"
      },
      "geometry": {
        "type": "Polygon",
        "coordinates": [
          [
            [
              0.003045274883219547,
              -0.002762306863097377
            ],
            [
              0.0034225655767157743,
              -0.002762306863097377
            ],
            [
              0.0034225655767157743,
              -0.002447897951850521
            ],
            [
              0.003045274883219547,
              -0.002447897951850521
            ],
            [
              0.003045274883219547,
              -0.002762306863097377
            ]
          ]
        ]
      }
    },
    {
      "type": "Feature",
      "properties": {
        "id": "BLD-147",
        "building_id": "BLD-147",
        "name": "RIVERSIDE block",
        "type": "RIVERSIDE block",
        "height": 14.413,
        "min_height": 0.0,
        "district": "RIVERSIDE",
        "landmark": false,
        "local_x_m": -540.0,
        "local_z_m": -1090.0,
        "width_m": 42.0,
        "depth_m": 35.0,
        "base_elevation_m": 5.0,
        "planner_color": "#a5b87e"
      },
      "geometry": {
        "type": "Polygon",
        "coordinates": [
          [
            [
              -0.005039525691699605,
              -0.009948796263025512
            ],
            [
              -0.004662234998203378,
              -0.009948796263025512
            ],
            [
              -0.004662234998203378,
              -0.009634387351778656
            ],
            [
              -0.005039525691699605,
              -0.009634387351778656
            ],
            [
              -0.005039525691699605,
              -0.009948796263025512
            ]
          ]
        ]
      }
    },
    {
      "type": "Feature",
      "properties": {
        "id": "BLD-148",
        "building_id": "BLD-148",
        "name": "RIVERSIDE block",
        "type": "RIVERSIDE block",
        "height": 25.145,
        "min_height": 0.0,
        "district": "RIVERSIDE",
        "landmark": false,
        "local_x_m": -540.0,
        "local_z_m": -890.0,
        "width_m": 42.0,
        "depth_m": 35.0,
        "base_elevation_m": 5.0,
        "planner_color": "#a5b87e"
      },
      "geometry": {
        "type": "Polygon",
        "coordinates": [
          [
            [
              -0.005039525691699605,
              -0.008152173913043478
            ],
            [
              -0.004662234998203378,
              -0.008152173913043478
            ],
            [
              -0.004662234998203378,
              -0.007837765001796622
            ],
            [
              -0.005039525691699605,
              -0.007837765001796622
            ],
            [
              -0.005039525691699605,
              -0.008152173913043478
            ]
          ]
        ]
      }
    },
    {
      "type": "Feature",
      "properties": {
        "id": "BLD-149",
        "building_id": "BLD-149",
        "name": "RIVERSIDE block",
        "type": "RIVERSIDE block",
        "height": 17.593,
        "min_height": 0.0,
        "district": "RIVERSIDE",
        "landmark": false,
        "local_x_m": -440.0,
        "local_z_m": -1090.0,
        "width_m": 42.0,
        "depth_m": 35.0,
        "base_elevation_m": 5.0,
        "planner_color": "#a5b87e"
      },
      "geometry": {
        "type": "Polygon",
        "coordinates": [
          [
            [
              -0.004141214516708588,
              -0.009948796263025512
            ],
            [
              -0.003763923823212361,
              -0.009948796263025512
            ],
            [
              -0.003763923823212361,
              -0.009634387351778656
            ],
            [
              -0.004141214516708588,
              -0.009634387351778656
            ],
            [
              -0.004141214516708588,
              -0.009948796263025512
            ]
          ]
        ]
      }
    },
    {
      "type": "Feature",
      "properties": {
        "id": "BLD-150",
        "building_id": "BLD-150",
        "name": "RIVERSIDE block",
        "type": "RIVERSIDE block",
        "height": 29.83,
        "min_height": 0.0,
        "district": "RIVERSIDE",
        "landmark": false,
        "local_x_m": -440.0,
        "local_z_m": -890.0,
        "width_m": 42.0,
        "depth_m": 35.0,
        "base_elevation_m": 5.0,
        "planner_color": "#a5b87e"
      },
      "geometry": {
        "type": "Polygon",
        "coordinates": [
          [
            [
              -0.004141214516708588,
              -0.008152173913043478
            ],
            [
              -0.003763923823212361,
              -0.008152173913043478
            ],
            [
              -0.003763923823212361,
              -0.007837765001796622
            ],
            [
              -0.004141214516708588,
              -0.007837765001796622
            ],
            [
              -0.004141214516708588,
              -0.008152173913043478
            ]
          ]
        ]
      }
    },
    {
      "type": "Feature",
      "properties": {
        "id": "BLD-151",
        "building_id": "BLD-151",
        "name": "RIVERSIDE block",
        "type": "RIVERSIDE block",
        "height": 26.915,
        "min_height": 0.0,
        "district": "RIVERSIDE",
        "landmark": false,
        "local_x_m": -340.0,
        "local_z_m": -1090.0,
        "width_m": 42.0,
        "depth_m": 35.0,
        "base_elevation_m": 5.0,
        "planner_color": "#a5b87e"
      },
      "geometry": {
        "type": "Polygon",
        "coordinates": [
          [
            [
              -0.003242903341717571,
              -0.009948796263025512
            ],
            [
              -0.002865612648221344,
              -0.009948796263025512
            ],
            [
              -0.002865612648221344,
              -0.009634387351778656
            ],
            [
              -0.003242903341717571,
              -0.009634387351778656
            ],
            [
              -0.003242903341717571,
              -0.009948796263025512
            ]
          ]
        ]
      }
    },
    {
      "type": "Feature",
      "properties": {
        "id": "BLD-152",
        "building_id": "BLD-152",
        "name": "RIVERSIDE block",
        "type": "RIVERSIDE block",
        "height": 15.204,
        "min_height": 0.0,
        "district": "RIVERSIDE",
        "landmark": false,
        "local_x_m": -340.0,
        "local_z_m": -890.0,
        "width_m": 42.0,
        "depth_m": 35.0,
        "base_elevation_m": 5.0,
        "planner_color": "#a5b87e"
      },
      "geometry": {
        "type": "Polygon",
        "coordinates": [
          [
            [
              -0.003242903341717571,
              -0.008152173913043478
            ],
            [
              -0.002865612648221344,
              -0.008152173913043478
            ],
            [
              -0.002865612648221344,
              -0.007837765001796622
            ],
            [
              -0.003242903341717571,
              -0.007837765001796622
            ],
            [
              -0.003242903341717571,
              -0.008152173913043478
            ]
          ]
        ]
      }
    },
    {
      "type": "Feature",
      "properties": {
        "id": "BLD-153",
        "building_id": "BLD-153",
        "name": "RIVERSIDE block",
        "type": "RIVERSIDE block",
        "height": 21.741,
        "min_height": 0.0,
        "district": "RIVERSIDE",
        "landmark": false,
        "local_x_m": -240.0,
        "local_z_m": -890.0,
        "width_m": 42.0,
        "depth_m": 35.0,
        "base_elevation_m": 5.0,
        "planner_color": "#a5b87e"
      },
      "geometry": {
        "type": "Polygon",
        "coordinates": [
          [
            [
              -0.002344592166726554,
              -0.008152173913043478
            ],
            [
              -0.001967301473230327,
              -0.008152173913043478
            ],
            [
              -0.001967301473230327,
              -0.007837765001796622
            ],
            [
              -0.002344592166726554,
              -0.007837765001796622
            ],
            [
              -0.002344592166726554,
              -0.008152173913043478
            ]
          ]
        ]
      }
    },
    {
      "type": "Feature",
      "properties": {
        "id": "BLD-154",
        "building_id": "BLD-154",
        "name": "RIVERSIDE block",
        "type": "RIVERSIDE block",
        "height": 28.783,
        "min_height": 0.0,
        "district": "RIVERSIDE",
        "landmark": false,
        "local_x_m": -140.0,
        "local_z_m": -1090.0,
        "width_m": 42.0,
        "depth_m": 35.0,
        "base_elevation_m": 5.0,
        "planner_color": "#a5b87e"
      },
      "geometry": {
        "type": "Polygon",
        "coordinates": [
          [
            [
              -0.001446280991735537,
              -0.009948796263025512
            ],
            [
              -0.0010689902982393101,
              -0.009948796263025512
            ],
            [
              -0.0010689902982393101,
              -0.009634387351778656
            ],
            [
              -0.001446280991735537,
              -0.009634387351778656
            ],
            [
              -0.001446280991735537,
              -0.009948796263025512
            ]
          ]
        ]
      }
    },
    {
      "type": "Feature",
      "properties": {
        "id": "BLD-155",
        "building_id": "BLD-155",
        "name": "RIVERSIDE block",
        "type": "RIVERSIDE block",
        "height": 27.401,
        "min_height": 0.0,
        "district": "RIVERSIDE",
        "landmark": false,
        "local_x_m": -140.0,
        "local_z_m": -890.0,
        "width_m": 42.0,
        "depth_m": 35.0,
        "base_elevation_m": 5.0,
        "planner_color": "#a5b87e"
      },
      "geometry": {
        "type": "Polygon",
        "coordinates": [
          [
            [
              -0.001446280991735537,
              -0.008152173913043478
            ],
            [
              -0.0010689902982393101,
              -0.008152173913043478
            ],
            [
              -0.0010689902982393101,
              -0.007837765001796622
            ],
            [
              -0.001446280991735537,
              -0.007837765001796622
            ],
            [
              -0.001446280991735537,
              -0.008152173913043478
            ]
          ]
        ]
      }
    },
    {
      "type": "Feature",
      "properties": {
        "id": "BLD-156",
        "building_id": "BLD-156",
        "name": "RIVERSIDE block",
        "type": "RIVERSIDE block",
        "height": 19.571,
        "min_height": 0.0,
        "district": "RIVERSIDE",
        "landmark": false,
        "local_x_m": -40.0,
        "local_z_m": -1090.0,
        "width_m": 42.0,
        "depth_m": 35.0,
        "base_elevation_m": 5.0,
        "planner_color": "#a5b87e"
      },
      "geometry": {
        "type": "Polygon",
        "coordinates": [
          [
            [
              -0.0005479698167445203,
              -0.009948796263025512
            ],
            [
              -0.00017067912324829321,
              -0.009948796263025512
            ],
            [
              -0.00017067912324829321,
              -0.009634387351778656
            ],
            [
              -0.0005479698167445203,
              -0.009634387351778656
            ],
            [
              -0.0005479698167445203,
              -0.009948796263025512
            ]
          ]
        ]
      }
    },
    {
      "type": "Feature",
      "properties": {
        "id": "BLD-157",
        "building_id": "BLD-157",
        "name": "RIVERSIDE block",
        "type": "RIVERSIDE block",
        "height": 27.136,
        "min_height": 0.0,
        "district": "RIVERSIDE",
        "landmark": false,
        "local_x_m": -40.0,
        "local_z_m": -890.0,
        "width_m": 42.0,
        "depth_m": 35.0,
        "base_elevation_m": 5.0,
        "planner_color": "#a5b87e"
      },
      "geometry": {
        "type": "Polygon",
        "coordinates": [
          [
            [
              -0.0005479698167445203,
              -0.008152173913043478
            ],
            [
              -0.00017067912324829321,
              -0.008152173913043478
            ],
            [
              -0.00017067912324829321,
              -0.007837765001796622
            ],
            [
              -0.0005479698167445203,
              -0.007837765001796622
            ],
            [
              -0.0005479698167445203,
              -0.008152173913043478
            ]
          ]
        ]
      }
    },
    {
      "type": "Feature",
      "properties": {
        "id": "BLD-158",
        "building_id": "BLD-158",
        "name": "RIVERSIDE block",
        "type": "RIVERSIDE block",
        "height": 23.237,
        "min_height": 0.0,
        "district": "RIVERSIDE",
        "landmark": false,
        "local_x_m": 60.0,
        "local_z_m": -1090.0,
        "width_m": 42.0,
        "depth_m": 35.0,
        "base_elevation_m": 5.0,
        "planner_color": "#a5b87e"
      },
      "geometry": {
        "type": "Polygon",
        "coordinates": [
          [
            [
              0.0003503413582464966,
              -0.009948796263025512
            ],
            [
              0.0007276320517427237,
              -0.009948796263025512
            ],
            [
              0.0007276320517427237,
              -0.009634387351778656
            ],
            [
              0.0003503413582464966,
              -0.009634387351778656
            ],
            [
              0.0003503413582464966,
              -0.009948796263025512
            ]
          ]
        ]
      }
    },
    {
      "type": "Feature",
      "properties": {
        "id": "BLD-159",
        "building_id": "BLD-159",
        "name": "RIVERSIDE block",
        "type": "RIVERSIDE block",
        "height": 26.628,
        "min_height": 0.0,
        "district": "RIVERSIDE",
        "landmark": false,
        "local_x_m": 60.0,
        "local_z_m": -890.0,
        "width_m": 42.0,
        "depth_m": 35.0,
        "base_elevation_m": 5.0,
        "planner_color": "#a5b87e"
      },
      "geometry": {
        "type": "Polygon",
        "coordinates": [
          [
            [
              0.0003503413582464966,
              -0.008152173913043478
            ],
            [
              0.0007276320517427237,
              -0.008152173913043478
            ],
            [
              0.0007276320517427237,
              -0.007837765001796622
            ],
            [
              0.0003503413582464966,
              -0.007837765001796622
            ],
            [
              0.0003503413582464966,
              -0.008152173913043478
            ]
          ]
        ]
      }
    },
    {
      "type": "Feature",
      "properties": {
        "id": "BLD-160",
        "building_id": "BLD-160",
        "name": "RIVERSIDE block",
        "type": "RIVERSIDE block",
        "height": 33.905,
        "min_height": 0.0,
        "district": "RIVERSIDE",
        "landmark": false,
        "local_x_m": 260.0,
        "local_z_m": -1090.0,
        "width_m": 42.0,
        "depth_m": 35.0,
        "base_elevation_m": 5.0,
        "planner_color": "#a5b87e"
      },
      "geometry": {
        "type": "Polygon",
        "coordinates": [
          [
            [
              0.0021469637082285305,
              -0.009948796263025512
            ],
            [
              0.0025242544017247573,
              -0.009948796263025512
            ],
            [
              0.0025242544017247573,
              -0.009634387351778656
            ],
            [
              0.0021469637082285305,
              -0.009634387351778656
            ],
            [
              0.0021469637082285305,
              -0.009948796263025512
            ]
          ]
        ]
      }
    },
    {
      "type": "Feature",
      "properties": {
        "id": "BLD-161",
        "building_id": "BLD-161",
        "name": "RIVERSIDE block",
        "type": "RIVERSIDE block",
        "height": 27.375,
        "min_height": 0.0,
        "district": "RIVERSIDE",
        "landmark": false,
        "local_x_m": 260.0,
        "local_z_m": -890.0,
        "width_m": 42.0,
        "depth_m": 35.0,
        "base_elevation_m": 5.0,
        "planner_color": "#a5b87e"
      },
      "geometry": {
        "type": "Polygon",
        "coordinates": [
          [
            [
              0.0021469637082285305,
              -0.008152173913043478
            ],
            [
              0.0025242544017247573,
              -0.008152173913043478
            ],
            [
              0.0025242544017247573,
              -0.007837765001796622
            ],
            [
              0.0021469637082285305,
              -0.007837765001796622
            ],
            [
              0.0021469637082285305,
              -0.008152173913043478
            ]
          ]
        ]
      }
    },
    {
      "type": "Feature",
      "properties": {
        "id": "BLD-162",
        "building_id": "BLD-162",
        "name": "RIVERSIDE block",
        "type": "RIVERSIDE block",
        "height": 21.802,
        "min_height": 0.0,
        "district": "RIVERSIDE",
        "landmark": false,
        "local_x_m": 360.0,
        "local_z_m": -1090.0,
        "width_m": 42.0,
        "depth_m": 35.0,
        "base_elevation_m": 5.0,
        "planner_color": "#a5b87e"
      },
      "geometry": {
        "type": "Polygon",
        "coordinates": [
          [
            [
              0.003045274883219547,
              -0.009948796263025512
            ],
            [
              0.0034225655767157743,
              -0.009948796263025512
            ],
            [
              0.0034225655767157743,
              -0.009634387351778656
            ],
            [
              0.003045274883219547,
              -0.009634387351778656
            ],
            [
              0.003045274883219547,
              -0.009948796263025512
            ]
          ]
        ]
      }
    },
    {
      "type": "Feature",
      "properties": {
        "id": "BLD-163",
        "building_id": "BLD-163",
        "name": "RIVERSIDE block",
        "type": "RIVERSIDE block",
        "height": 16.487,
        "min_height": 0.0,
        "district": "RIVERSIDE",
        "landmark": false,
        "local_x_m": 360.0,
        "local_z_m": -890.0,
        "width_m": 42.0,
        "depth_m": 35.0,
        "base_elevation_m": 5.0,
        "planner_color": "#a5b87e"
      },
      "geometry": {
        "type": "Polygon",
        "coordinates": [
          [
            [
              0.003045274883219547,
              -0.008152173913043478
            ],
            [
              0.0034225655767157743,
              -0.008152173913043478
            ],
            [
              0.0034225655767157743,
              -0.007837765001796622
            ],
            [
              0.003045274883219547,
              -0.007837765001796622
            ],
            [
              0.003045274883219547,
              -0.008152173913043478
            ]
          ]
        ]
      }
    },
    {
      "type": "Feature",
      "properties": {
        "id": "BLD-164",
        "building_id": "BLD-164",
        "name": "RIVERSIDE block",
        "type": "RIVERSIDE block",
        "height": 16.424,
        "min_height": 0.0,
        "district": "RIVERSIDE",
        "landmark": false,
        "local_x_m": 460.0,
        "local_z_m": -1090.0,
        "width_m": 42.0,
        "depth_m": 35.0,
        "base_elevation_m": 5.0,
        "planner_color": "#a5b87e"
      },
      "geometry": {
        "type": "Polygon",
        "coordinates": [
          [
            [
              0.003943586058210564,
              -0.009948796263025512
            ],
            [
              0.004320876751706791,
              -0.009948796263025512
            ],
            [
              0.004320876751706791,
              -0.009634387351778656
            ],
            [
              0.003943586058210564,
              -0.009634387351778656
            ],
            [
              0.003943586058210564,
              -0.009948796263025512
            ]
          ]
        ]
      }
    },
    {
      "type": "Feature",
      "properties": {
        "id": "BLD-165",
        "building_id": "BLD-165",
        "name": "RIVERSIDE block",
        "type": "RIVERSIDE block",
        "height": 21.047,
        "min_height": 0.0,
        "district": "RIVERSIDE",
        "landmark": false,
        "local_x_m": 460.0,
        "local_z_m": -890.0,
        "width_m": 42.0,
        "depth_m": 35.0,
        "base_elevation_m": 5.0,
        "planner_color": "#a5b87e"
      },
      "geometry": {
        "type": "Polygon",
        "coordinates": [
          [
            [
              0.003943586058210564,
              -0.008152173913043478
            ],
            [
              0.004320876751706791,
              -0.008152173913043478
            ],
            [
              0.004320876751706791,
              -0.007837765001796622
            ],
            [
              0.003943586058210564,
              -0.007837765001796622
            ],
            [
              0.003943586058210564,
              -0.008152173913043478
            ]
          ]
        ]
      }
    },
    {
      "type": "Feature",
      "properties": {
        "id": "BLD-166",
        "building_id": "BLD-166",
        "name": "RIVERSIDE block",
        "type": "RIVERSIDE block",
        "height": 25.876,
        "min_height": 0.0,
        "district": "RIVERSIDE",
        "landmark": false,
        "local_x_m": 560.0,
        "local_z_m": -1090.0,
        "width_m": 42.0,
        "depth_m": 35.0,
        "base_elevation_m": 5.0,
        "planner_color": "#a5b87e"
      },
      "geometry": {
        "type": "Polygon",
        "coordinates": [
          [
            [
              0.004841897233201581,
              -0.009948796263025512
            ],
            [
              0.005219187926697808,
              -0.009948796263025512
            ],
            [
              0.005219187926697808,
              -0.009634387351778656
            ],
            [
              0.004841897233201581,
              -0.009634387351778656
            ],
            [
              0.004841897233201581,
              -0.009948796263025512
            ]
          ]
        ]
      }
    },
    {
      "type": "Feature",
      "properties": {
        "id": "BLD-167",
        "building_id": "BLD-167",
        "name": "RIVERSIDE block",
        "type": "RIVERSIDE block",
        "height": 31.202,
        "min_height": 0.0,
        "district": "RIVERSIDE",
        "landmark": false,
        "local_x_m": 560.0,
        "local_z_m": -890.0,
        "width_m": 42.0,
        "depth_m": 35.0,
        "base_elevation_m": 5.0,
        "planner_color": "#a5b87e"
      },
      "geometry": {
        "type": "Polygon",
        "coordinates": [
          [
            [
              0.004841897233201581,
              -0.008152173913043478
            ],
            [
              0.005219187926697808,
              -0.008152173913043478
            ],
            [
              0.005219187926697808,
              -0.007837765001796622
            ],
            [
              0.004841897233201581,
              -0.007837765001796622
            ],
            [
              0.004841897233201581,
              -0.008152173913043478
            ]
          ]
        ]
      }
    },
    {
      "type": "Feature",
      "properties": {
        "id": "BLD-168",
        "building_id": "BLD-168",
        "name": "BEACH / MARINA block",
        "type": "BEACH / MARINA block",
        "height": 33.208,
        "min_height": 0.0,
        "district": "BEACH / MARINA",
        "landmark": false,
        "local_x_m": -590.0,
        "local_z_m": -1690.0,
        "width_m": 42.0,
        "depth_m": 35.0,
        "base_elevation_m": 5.0,
        "planner_color": "#d6c496"
      },
      "geometry": {
        "type": "Polygon",
        "coordinates": [
          [
            [
              -0.005488681279195113,
              -0.015338663312971613
            ],
            [
              -0.0051113905856988865,
              -0.015338663312971613
            ],
            [
              -0.0051113905856988865,
              -0.015024254401724757
            ],
            [
              -0.005488681279195113,
              -0.015024254401724757
            ],
            [
              -0.005488681279195113,
              -0.015338663312971613
            ]
          ]
        ]
      }
    },
    {
      "type": "Feature",
      "properties": {
        "id": "BLD-169",
        "building_id": "BLD-169",
        "name": "BEACH / MARINA block",
        "type": "BEACH / MARINA block",
        "height": 33.01,
        "min_height": 0.0,
        "district": "BEACH / MARINA",
        "landmark": false,
        "local_x_m": -590.0,
        "local_z_m": -1540.0,
        "width_m": 42.0,
        "depth_m": 35.0,
        "base_elevation_m": 5.0,
        "planner_color": "#d6c496"
      },
      "geometry": {
        "type": "Polygon",
        "coordinates": [
          [
            [
              -0.005488681279195113,
              -0.013991196550485087
            ],
            [
              -0.0051113905856988865,
              -0.013991196550485087
            ],
            [
              -0.0051113905856988865,
              -0.013676787639238233
            ],
            [
              -0.005488681279195113,
              -0.013676787639238233
            ],
            [
              -0.005488681279195113,
              -0.013991196550485087
            ]
          ]
        ]
      }
    },
    {
      "type": "Feature",
      "properties": {
        "id": "BLD-170",
        "building_id": "BLD-170",
        "name": "BEACH / MARINA block",
        "type": "BEACH / MARINA block",
        "height": 45.783,
        "min_height": 0.0,
        "district": "BEACH / MARINA",
        "landmark": false,
        "local_x_m": -140.0,
        "local_z_m": -1690.0,
        "width_m": 42.0,
        "depth_m": 35.0,
        "base_elevation_m": 5.0,
        "planner_color": "#d6c496"
      },
      "geometry": {
        "type": "Polygon",
        "coordinates": [
          [
            [
              -0.001446280991735537,
              -0.015338663312971613
            ],
            [
              -0.0010689902982393101,
              -0.015338663312971613
            ],
            [
              -0.0010689902982393101,
              -0.015024254401724757
            ],
            [
              -0.001446280991735537,
              -0.015024254401724757
            ],
            [
              -0.001446280991735537,
              -0.015338663312971613
            ]
          ]
        ]
      }
    },
    {
      "type": "Feature",
      "properties": {
        "id": "BLD-171",
        "building_id": "BLD-171",
        "name": "BEACH / MARINA block",
        "type": "BEACH / MARINA block",
        "height": 26.495,
        "min_height": 0.0,
        "district": "BEACH / MARINA",
        "landmark": false,
        "local_x_m": -140.0,
        "local_z_m": -1540.0,
        "width_m": 42.0,
        "depth_m": 35.0,
        "base_elevation_m": 5.0,
        "planner_color": "#d6c496"
      },
      "geometry": {
        "type": "Polygon",
        "coordinates": [
          [
            [
              -0.001446280991735537,
              -0.013991196550485087
            ],
            [
              -0.0010689902982393101,
              -0.013991196550485087
            ],
            [
              -0.0010689902982393101,
              -0.013676787639238233
            ],
            [
              -0.001446280991735537,
              -0.013676787639238233
            ],
            [
              -0.001446280991735537,
              -0.013991196550485087
            ]
          ]
        ]
      }
    },
    {
      "type": "Feature",
      "properties": {
        "id": "BLD-172",
        "building_id": "BLD-172",
        "name": "BEACH / MARINA block",
        "type": "BEACH / MARINA block",
        "height": 45.436,
        "min_height": 0.0,
        "district": "BEACH / MARINA",
        "landmark": false,
        "local_x_m": 10.0,
        "local_z_m": -1690.0,
        "width_m": 42.0,
        "depth_m": 35.0,
        "base_elevation_m": 5.0,
        "planner_color": "#d6c496"
      },
      "geometry": {
        "type": "Polygon",
        "coordinates": [
          [
            [
              -9.881422924901186e-05,
              -0.015338663312971613
            ],
            [
              0.0002784764642472152,
              -0.015338663312971613
            ],
            [
              0.0002784764642472152,
              -0.015024254401724757
            ],
            [
              -9.881422924901186e-05,
              -0.015024254401724757
            ],
            [
              -9.881422924901186e-05,
              -0.015338663312971613
            ]
          ]
        ]
      }
    },
    {
      "type": "Feature",
      "properties": {
        "id": "BLD-173",
        "building_id": "BLD-173",
        "name": "BEACH / MARINA block",
        "type": "BEACH / MARINA block",
        "height": 29.492,
        "min_height": 0.0,
        "district": "BEACH / MARINA",
        "landmark": false,
        "local_x_m": 10.0,
        "local_z_m": -1540.0,
        "width_m": 42.0,
        "depth_m": 35.0,
        "base_elevation_m": 5.0,
        "planner_color": "#d6c496"
      },
      "geometry": {
        "type": "Polygon",
        "coordinates": [
          [
            [
              -9.881422924901186e-05,
              -0.013991196550485087
            ],
            [
              0.0002784764642472152,
              -0.013991196550485087
            ],
            [
              0.0002784764642472152,
              -0.013676787639238233
            ],
            [
              -9.881422924901186e-05,
              -0.013676787639238233
            ],
            [
              -9.881422924901186e-05,
              -0.013991196550485087
            ]
          ]
        ]
      }
    },
    {
      "type": "Feature",
      "properties": {
        "id": "BLD-174",
        "building_id": "BLD-174",
        "name": "BEACH / MARINA block",
        "type": "BEACH / MARINA block",
        "height": 46.788,
        "min_height": 0.0,
        "district": "BEACH / MARINA",
        "landmark": false,
        "local_x_m": 160.0,
        "local_z_m": -1690.0,
        "width_m": 42.0,
        "depth_m": 35.0,
        "base_elevation_m": 5.0,
        "planner_color": "#d6c496"
      },
      "geometry": {
        "type": "Polygon",
        "coordinates": [
          [
            [
              0.0012486525332375134,
              -0.015338663312971613
            ],
            [
              0.0016259432267337406,
              -0.015338663312971613
            ],
            [
              0.0016259432267337406,
              -0.015024254401724757
            ],
            [
              0.0012486525332375134,
              -0.015024254401724757
            ],
            [
              0.0012486525332375134,
              -0.015338663312971613
            ]
          ]
        ]
      }
    },
    {
      "type": "Feature",
      "properties": {
        "id": "BLD-175",
        "building_id": "BLD-175",
        "name": "BEACH / MARINA block",
        "type": "BEACH / MARINA block",
        "height": 40.094,
        "min_height": 0.0,
        "district": "BEACH / MARINA",
        "landmark": false,
        "local_x_m": 160.0,
        "local_z_m": -1540.0,
        "width_m": 42.0,
        "depth_m": 35.0,
        "base_elevation_m": 5.0,
        "planner_color": "#d6c496"
      },
      "geometry": {
        "type": "Polygon",
        "coordinates": [
          [
            [
              0.0012486525332375134,
              -0.013991196550485087
            ],
            [
              0.0016259432267337406,
              -0.013991196550485087
            ],
            [
              0.0016259432267337406,
              -0.013676787639238233
            ],
            [
              0.0012486525332375134,
              -0.013676787639238233
            ],
            [
              0.0012486525332375134,
              -0.013991196550485087
            ]
          ]
        ]
      }
    }
  ],
  "mirage": {
    "source": "Mirage City 3D Planning Explorer",
    "units": "metres",
    "local_axes": "X east, Z north, Y up",
    "anchor_lat": 0.0,
    "anchor_lon": 0.0,
    "building_count": 175,
    "intended_consumer": "VoxCity / GeoPandas"
  }
}
